11227,1
0.336
0.52
0.528
0.544
0.552
0.564
0.576
0.592
0.6
0.612
0.624
0.636
0.648
0.66
0.672
0.688
0.699999
0.712
0.723999
0.731999
0.744
0.755999
0.771999
0.784
0.795999
0.808
0.819999
0.827999
0.84
0.856
0.867999
0.88
0.892
0.9
0.912
0.928
0.936
0.952
0.96
0.976
0.984
0.996
1.008
1.02
1.032
1.048
1.056
1.072
1.08
1.092
1.108
1.116
1.128
1.14
1.152
1.164
1.176
1.188
1.2
1.216
1.228
1.24
1.248
1.264
1.276
1.288
1.296
1.312
1.324
1.336
1.348
1.36
1.372
1.384
1.396
1.408
1.42
1.432
1.444
1.456
1.468
1.48
1.488
1.5
1.512
1.524
1.536
1.548
1.564
1.572
1.584
1.596
1.608
1.62
1.636
1.648
1.656
1.672
1.68
1.696
1.708
1.72
1.732
1.74
1.752
1.768
1.776
1.788
1.8
1.816
1.828
1.836
1.848
1.864
1.876
1.884
1.9
1.908
1.92
1.932
1.944
1.96
1.968
1.98
1.992
2.004
2.016
2.028
2.04
2.052
2.064
2.08
2.088
2.1
2.112
2.124
2.136
2.148
2.16
2.172
2.184
2.2
2.208
2.22
2.236
2.244
2.256
2.272
2.28
2.292
2.304
2.316
2.328
2.34
2.356
2.364
2.376
2.388
2.4
2.412
2.424
2.436
2.448
2.46
2.476
2.484
2.496
2.508
2.52
2.532
2.544
2.556
2.572
2.58
2.592
2.608
2.616
2.632
2.64
2.652
2.664
2.676
2.688
2.7
2.716
2.724
2.736
2.748
2.76
2.776
2.784
2.796
2.808
2.82
2.832
2.844
2.86
2.872
2.88
2.896
2.908
2.916
2.928
2.94
2.952
2.964
2.98
2.988
3
3.012
3.024
3.036
3.048
3.06
3.072
3.084
3.1
3.108
3.12
3.132
3.144
3.16
3.172
3.184
3.192
3.204
3.216
3.228
3.24
3.252
3.268
3.28
3.292
3.304
3.316
3.324
3.336
3.348
3.36
3.372
3.384
3.4
3.412
3.42
3.432
3.448
3.46
3.468
3.48
3.496
3.504
3.52
3.528
3.544
3.556
3.568
3.576
3.592
3.604
3.612
3.624
3.636
3.648
3.66
3.676
3.688
3.696
3.708
3.72
3.736
3.748
3.76
3.772
3.78
3.792
3.808
3.816
3.828
3.84
3.856
3.868
3.876
3.888
3.9
3.912
3.924
3.936
3.952
3.96
3.972
3.984
4
4.012
4.02
4.032
4.044
4.056
4.072
4.084
4.096
4.104
4.12
4.128
4.14
4.152
4.164
4.176
4.192
4.2
4.212
4.224
4.236
4.252
4.26
4.276
4.284
4.3
4.308
4.32
4.332
4.344
4.36
4.368
4.38
4.392
4.404
4.416
4.428
4.44
4.452
4.464
4.476
4.488
4.5
4.512
4.528
4.54
4.552
4.564
4.576
4.584
4.6
4.608
4.624
4.636
4.644
4.656
4.672
4.68
4.696
4.703999
4.716
4.728
4.74
4.751999
4.764
4.776
4.788
4.799999
4.812
4.824
4.836
4.852
4.863999
4.872
4.884
4.895999
4.908
4.92
4.932
4.943999
4.956
4.968
4.984
4.991999
5.004
5.016
5.028
5.039999
5.055999
5.068
5.076
5.088
5.1
5.112
5.124
5.14
5.148
5.16
5.172
5.184
5.2
5.208
5.22
5.232
5.248
5.26
5.268
5.284
5.296
5.308
5.316
5.332
5.34
5.356
5.368
5.376
5.388
5.4
5.412
5.428
5.436
5.452
5.46
5.472
5.484
5.496
5.512
5.52
5.536
5.548
5.556
5.568
5.584
5.592
5.604
5.616
5.628
5.644
5.652
5.668
5.68
5.692
5.7
5.712
5.724
5.74
5.752
5.76
5.776
5.784
5.796
5.808
5.82
5.832
5.844
5.856
5.872
5.88
5.892
5.908
5.92
5.928
5.94
5.952
5.964
5.976
5.992
6.004
6.016
6.028
6.04
6.052
6.06
6.072
6.088
6.1
6.108
6.12
6.136
6.144
6.156
6.168
6.18
6.192
6.204
6.216
6.228
6.24
6.252
6.264
6.276
6.292
6.3
6.312
6.324
6.34
6.348
6.36
6.372
6.384
6.4
6.408
6.42
6.436
6.444
6.456
6.472
6.48
6.492
6.504
6.52
6.532
6.54
6.552
6.568
6.576
6.588
6.604
6.616
6.624
6.636
6.648
6.66
6.672
6.684
6.7
6.712
6.72
6.736
6.744
6.756
6.772
6.784
6.796
6.804
6.816
6.832
6.84
6.852
6.864
6.88
6.888
6.9
6.912
6.928
6.936
6.948
6.96
6.972
6.984
6.996
7.012
7.02
7.032
7.048
7.056
7.068
7.08
7.096
7.108
7.12
7.128
7.144
7.152
7.168
7.176
7.188
7.2
7.212
7.224
7.24
7.248
7.26
7.272
7.284
7.296
7.308
7.32
7.336
7.348
7.356
7.372
7.38
7.396
7.404
7.42
7.432
7.44
7.456
7.468
7.48
7.488
7.504
7.516
7.528
7.54
7.548
7.564
7.572
7.584
7.6
7.608
7.62
7.632
7.648
7.656
7.668
7.68
7.692
7.708
7.716
7.728
7.744
7.756
7.764
7.776
7.792
7.8
7.812
7.828
7.836
7.852
7.86
7.876
7.884
7.9
7.908
7.92
7.932
7.944
7.956
7.972
7.984
7.996
8.004
8.016
8.028
8.044
8.056
8.068
8.076
8.092
8.1
8.112
8.128
8.14
8.152
8.16
8.172
8.184
8.196
8.208
8.224
8.236
8.244
8.26
8.268
8.28
8.292
8.304
8.32
8.328
8.344
8.352
8.364
8.38
8.388
8.4
8.412
8.428
8.44
8.452
8.46
8.472
8.484
8.496
8.508
8.52
8.532
8.544
8.556
8.568
8.58
8.596
8.604
8.62
8.628
8.64
8.652
8.664
8.68
8.688
8.704
8.716
8.724
8.736
8.752
8.76
8.776
8.784
8.796
8.808
8.82
8.832
8.844
8.856
8.872
8.88
8.892
8.904
8.916
8.928
8.94
8.952
8.964
8.98
8.988
9.004
9.016
9.024
9.04
9.048
9.06
9.076
9.084
9.096
9.108
9.12
9.132
9.144
9.16
9.172
9.184
9.192
9.204
9.216
9.228
9.24
9.252
9.264
9.276
9.292
9.3
9.312
9.324
9.336
9.348
9.364
9.376
9.388
9.396
9.408
9.42
9.432
9.444
9.46
9.472
9.48
9.496
9.504
9.52
9.532
9.544
9.552
9.564
9.58
9.588
9.6
9.616
9.624
9.636
9.652
9.66
9.676
9.684
9.7
9.708
9.724
9.732
9.748
9.76
9.772
9.784
9.792
9.804
9.82
9.832
9.84
9.856
9.864
9.88
9.888
9.9
9.912
9.924
9.936
9.948
9.96
9.972
9.988
10
10.008
10.02
10.032
10.044
10.06
10.068
10.084
10.092
10.108
10.116
10.128
10.144
10.152
10.164
10.176
10.188
10.2
10.216
10.224
10.236
10.252
10.26
10.272
10.284
10.3
10.312
10.32
10.332
10.344
10.356
10.372
10.38
10.392
10.404
10.416
10.432
10.44
10.456
10.464
10.48
10.488
10.5
10.516
10.524
10.536
10.548
10.564
10.572
10.588
10.596
10.608
10.62
10.632
10.644
10.656
10.672
10.68
10.692
10.704
10.716
10.732
10.744
10.752
10.764
10.776
10.788
10.804
10.816
10.824
10.84
10.848
10.86
10.872
10.884
10.896
10.908
10.924
10.936
10.948
10.96
10.968
10.98
10.992
11.004
11.016
11.032
11.044
11.056
11.068
11.076
11.088
11.1
11.116
11.124
11.14
11.148
11.16
11.172
11.188
11.2
11.208
11.22
11.232
11.244
11.256
11.268
11.284
11.292
11.304
11.316
11.332
11.344
11.356
11.364
11.376
11.388
11.404
11.412
11.428
11.436
11.448
11.464
11.472
11.488
11.5
11.512
11.52
11.532
11.544
11.556
11.568
11.58
11.592
11.608
11.616
11.628
11.644
11.656
11.664
11.676
11.692
11.704
11.716
11.728
11.736
11.748
11.76
11.776
11.788
11.8
11.808
11.824
11.832
11.848
11.856
11.868
11.884
11.892
11.904
11.92
11.928
11.94
11.952
11.964
11.98
11.992
12.004
12.012
12.024
12.036
12.052
12.06
12.072
12.084
12.096
12.112
12.12
12.132
12.144
12.156
12.172
12.184
12.192
12.204
12.216
12.228
12.24
12.252
12.268
12.276
12.288
12.3
12.312
12.324
12.336
12.348
12.364
12.372
12.384
12.396
12.412
12.424
12.432
12.444
12.456
12.468
12.48
12.496
12.504
12.516
12.528
12.54
12.552
12.568
12.576
12.588
12.604
12.612
12.628
12.636
12.652
12.66
12.676
12.684
12.696
12.708
12.72
12.736
12.743999
12.76
12.768
12.78
12.792
12.804
12.819999
12.828
12.844
12.856
12.868
12.88
12.888
12.9
12.912
12.924
12.935999
12.952
12.96
12.976
12.988
12.996
13.011999
13.02
13.031999
13.048
13.056
13.072
13.084
13.095999
13.104
13.116
13.132
13.139999
13.152
13.168
13.176
13.188
13.2
13.211999
13.228
13.236
13.252
13.264
13.272
13.284
13.296
13.307999
13.319999
13.332
13.344
13.36
13.368
13.38
13.396
13.403999
13.415999
13.432
13.44
13.452
13.464
13.476
13.488
13.504
13.512
13.528
13.54
13.548
13.564
13.576
13.584
13.6
13.612
13.62
13.632
13.644
13.656
13.672
13.68
13.692
13.708
13.72
13.732
13.744
13.756
13.764
13.776
13.792
13.8
13.816
13.824
13.836
13.848
13.86
13.872
13.888
13.9
13.908
13.92
13.932
13.944
13.96
13.968
13.98
13.992
14.004
14.02
14.028
14.04
14.052
14.064
14.08
14.088
14.104
14.116
14.124
14.14
14.152
14.16
14.172
14.184
14.196
14.208
14.22
14.232
14.244
14.26
14.272
14.28
14.292
14.308
14.32
14.332
14.34
14.352
14.364
14.376
14.392
14.4
14.416
14.424
14.436
14.448
14.46
14.476
14.484
14.5
14.508
14.524
14.536
14.544
14.556
14.568
14.58
14.596
14.608
14.616
14.628
14.64
14.652
14.668
14.676
14.688
14.7
14.712
14.724
14.736
14.748
14.76
14.772
14.784
14.796
14.808
14.82
14.836
14.848
14.86
14.868
14.88
14.892
14.904
14.916
14.928
14.94
14.952
14.964
14.976
14.992
15.004
15.012
15.024
15.04
15.052
15.06
15.072
15.084
15.1
15.108
15.12
15.132
15.144
15.16
15.168
15.184
15.192
15.204
15.216
15.232
15.24
15.252
15.268
15.276
15.288
15.3
15.316
15.328
15.34
15.348
15.364
15.372
15.384
15.396
15.408
15.42
15.436
15.448
15.456
15.472
15.48
15.496
15.508
15.52
15.532
15.54
15.556
15.568
15.576
15.588
15.604
15.616
15.624
15.636
15.652
15.66
15.676
15.684
15.696
15.712
15.72
15.732
15.748
15.76
15.772
15.784
15.796
15.804
15.816
15.828
15.84
15.852
15.864
15.88
15.892
15.9
15.912
15.924
15.94
15.948
15.96
15.972
15.984
16
16.012
16.02
16.036
16.048
16.056
16.068
16.084
16.092
16.104
16.116
16.128
16.14
16.152
16.164
16.176
16.188
16.204
16.212
16.224
16.236
16.252
16.264
16.272
16.288
16.296
16.308
16.32
16.332
16.344
16.356
16.372
16.384
16.392
16.404
16.416
16.432
16.44
16.456
16.468
16.48
16.488
16.5
16.512
16.528
16.536
16.548
16.56
16.572
16.584
16.596
16.608
16.624
16.636
16.644
16.656
16.672
16.68
16.696
16.704
16.716
16.728
16.74
16.752
16.764
16.776
16.792
16.8
16.816
16.824
16.84
16.848
16.86
16.872
16.888
16.896
16.908
16.924
16.932
16.944
16.956
16.968
16.98
16.992
17.004
17.02
17.032
17.04
17.052
17.064
17.08
17.092
17.1
17.112
17.124
17.14
17.148
17.164
17.172
17.184
17.196
17.208
17.22
17.236
17.248
17.26
17.272
17.28
17.296
17.304
17.32
17.328
17.34
17.356
17.368
17.38
17.392
17.4
17.416
17.424
17.44
17.452
17.46
17.472
17.488
17.496
17.508
17.52
17.532
17.548
17.556
17.568
17.58
17.596
17.608
17.616
17.632
17.64
17.652
17.664
17.676
17.692
17.7
17.716
17.724
17.736
17.752
17.764
17.772
17.784
17.796
17.808
17.82
17.836
17.848
17.86
17.868
17.884
17.896
17.908
17.916
17.928
17.94
17.952
17.964
17.98
17.988
18.004
18.012
18.024
18.036
18.048
18.06
18.076
18.088
18.096
18.108
18.124
18.136
18.148
18.16
18.168
18.184
18.192
18.208
18.216
18.228
18.24
18.252
18.264
18.28
18.288
18.3
18.312
18.328
18.34
18.352
18.36
18.372
18.384
18.396
18.408
18.42
18.432
18.444
18.46
18.468
18.48
18.492
18.504
18.516
18.532
18.54
18.556
18.568
18.58
18.588
18.604
18.612
18.624
18.636
18.648
18.66
18.672
18.688
18.7
18.708
18.72
18.732
18.744
18.76
18.768
18.78
18.792
18.804
18.82
18.832
18.844
18.856
18.864
18.876
18.888
18.904
18.912
18.924
18.94
18.952
18.964
18.976
18.988
19
19.012
19.024
19.036
19.048
19.056
19.068
19.084
19.092
19.108
19.116
19.128
19.14
19.156
19.164
19.176
19.188
19.2
19.212
19.224
19.236
19.248
19.264
19.272
19.288
19.296
19.308
19.32
19.336
19.348
19.36
19.368
19.38
19.392
19.404
19.416
19.432
19.44
19.452
19.468
19.476
19.488
19.5
19.512
19.524
19.536
19.548
19.56
19.572
19.588
19.6
19.608
19.62
19.636
19.644
19.656
19.668
19.68
19.692
19.704
19.72
19.732
19.74
19.752
19.764
19.776
19.792
19.804
19.816
19.824
19.836
19.848
19.864
19.872
19.884
19.9
19.908
19.92
19.932
19.944
19.96
19.972
19.98
19.992
20.004
20.02
20.028
20.04
20.056
20.064
20.076
20.088
20.1
20.112
20.124
20.136
20.152
20.16
20.172
20.184
20.2
20.208
20.22
20.232
20.248
20.256
20.268
20.284
20.292
20.304
20.316
20.328
20.34
20.356
20.368
20.38
20.388
20.4
20.416
20.428
20.436
20.448
20.464
20.472
20.488
20.5
20.512
20.524
20.536
20.548
20.556
20.568
20.584
20.592
20.608
20.62
20.628
20.64
20.652
20.668
20.68
20.688
20.7
20.712
20.728
20.736
20.748
20.764
20.772
20.788
20.8
20.812
20.82
20.832
20.844
20.86
20.868
20.884
20.892
20.904
20.916
20.928
20.94
20.952
20.968
20.98
20.992
21
21.012
21.028
21.04
21.048
21.06
21.072
21.084
21.1
21.108
21.124
21.136
21.144
21.156
21.168
21.18
21.196
21.208
21.216
21.228
21.24
21.252
21.268
21.276
21.288
21.3
21.316
21.324
21.336
21.348
21.364
21.372
21.384
21.396
21.408
21.42
21.432
21.448
21.456
21.472
21.484
21.492
21.504
21.516
21.528
21.54
21.552
21.564
21.576
21.588
21.6
21.612
21.624
21.636
21.648
21.66
21.676
21.688
21.696
21.712
21.72
21.732
21.744
21.756
21.772
21.78
21.792
21.808
21.816
21.828
21.844
21.852
21.864
21.876
21.892
21.9
21.916
21.928
21.936
21.948
21.96
21.972
21.984
22
22.008
22.02
22.032
22.044
22.06
22.068
22.08
22.092
22.108
22.12
22.128
22.14
22.156
22.164
22.176
22.188
22.2
22.212
22.228
22.24
22.248
22.26
22.272
22.284
22.296
22.312
22.32
22.332
22.344
22.36
22.368
22.38
22.396
22.404
22.416
22.428
22.444
22.452
22.464
22.476
22.492
22.504
22.512
22.524
22.54
22.548
22.56
22.572
22.584
22.596
22.612
22.62
22.632
22.644
22.656
22.668
22.68
22.696
22.704
22.716
22.728
22.744
22.752
22.764
22.78
22.788
22.8
22.812
22.824
22.836
22.848
22.86
22.872
22.884
22.896
22.908
22.924
22.932
22.944
22.956
22.972
22.984
22.996
23.004
23.016
23.032
23.044
23.056
23.068
23.08
23.092
23.1
23.112
23.128
23.14
23.152
23.16
23.176
23.188
23.2
23.208
23.22
23.232
23.244
23.256
23.268
23.28
23.296
23.308
23.316
23.328
23.34
23.352
23.368
23.376
23.392
23.4
23.412
23.428
23.436
23.452
23.464
23.472
23.484
23.496
23.508
23.524
23.532
23.544
23.556
23.568
23.58
23.592
23.608
23.616
23.632
23.64
23.652
23.664
23.68
23.688
23.7
23.712
23.724
23.736
23.752
23.76
23.772
23.784
23.796
23.812
23.824
23.832
23.844
23.856
23.868
23.88
23.892
23.904
23.916
23.928
23.94
23.952
23.968
23.98
23.992
24
24.016
24.024
24.036
24.048
24.06
24.072
24.084
24.1
24.112
24.124
24.136
24.144
24.156
24.172
24.18
24.192
24.204
24.216
24.228
24.24
24.252
24.268
24.276
24.292
24.304
24.312
24.328
24.336
24.352
24.364
24.372
24.388
24.396
24.408
24.424
24.432
24.444
24.456
24.472
24.48
24.496
24.504
24.516
24.528
24.54
24.552
24.564
24.576
24.588
24.6
24.612
24.624
24.636
24.652
24.66
24.672
24.684
24.7
24.708
24.724
24.736
24.748
24.756
24.772
24.78
24.796
24.808
24.82
24.832
24.84
24.852
24.868
24.88
24.888
24.904
24.916
24.928
24.94
24.948
24.96
24.972
24.984
24.996
25.008
25.02
25.032
25.048
25.056
25.068
25.08
25.092
25.104
25.12
25.128
25.144
25.156
25.168
25.176
25.188
25.2
25.216
25.228
25.24
25.248
25.26
25.272
25.284
25.296
25.312
25.324
25.336
25.344
25.356
25.368
25.38
25.392
25.404
25.416
25.428
25.44
25.452
25.468
25.476
25.488
25.5
25.516
25.528
25.536
25.548
25.564
25.572
25.584
25.596
25.608
25.62
25.632
25.644
25.656
25.672
25.68
25.696
25.708
25.716
25.732
25.74
25.756
25.764
25.776
25.788
25.804
25.812
25.828
25.84
25.852
25.86
25.872
25.884
25.896
25.908
25.92
25.936
25.948
25.96
25.968
25.98
25.996
26.008
26.02
26.032
26.04
26.056
26.064
26.076
26.088
26.1
26.112
26.128
26.136
26.148
26.16
26.176
26.184
26.196
26.212
26.22
26.236
26.244
26.26
26.268
26.284
26.292
26.304
26.316
26.332
26.34
26.352
26.364
26.376
26.388
26.4
26.416
26.424
26.44
26.452
26.46
26.472
26.484
26.5
26.512
26.52
26.532
26.544
26.56
26.572
26.58
26.592
26.604
26.616
26.628
26.644
26.652
26.664
26.676
26.692
26.7
26.716
26.728
26.736
26.748
26.76
26.772
26.784
26.796
26.808
26.82
26.832
26.844
26.86
26.872
26.88
26.896
26.904
26.916
26.928
26.94
26.956
26.964
26.976
26.992
27
27.012
27.028
27.036
27.052
27.06
27.072
27.084
27.096
27.112
27.124
27.132
27.144
27.16
27.172
27.184
27.196
27.204
27.216
27.232
27.244
27.256
27.264
27.28
27.288
27.3
27.312
27.328
27.336
27.348
27.364
27.372
27.384
27.396
27.408
27.42
27.436
27.444
27.456
27.468
27.48
27.492
27.504
27.52
27.528
27.544
27.556
27.564
27.576
27.592
27.6
27.616
27.628
27.64
27.648
27.664
27.676
27.684
27.7
27.712
27.72
27.732
27.748
27.756
27.768
27.78
27.792
27.804
27.816
27.828
27.84
27.856
27.868
27.876
27.892
27.9
27.916
27.924
27.94
27.948
27.964
27.976
27.984
28
28.012
28.02
28.032
28.048
28.056
28.068
28.08
28.096
28.104
28.116
28.128
28.14
28.156
28.168
28.176
28.188
28.2
28.216
28.228
28.24
28.248
28.264
28.272
28.284
28.296
28.308
28.32
28.336
28.344
28.36
28.368
28.38
28.392
28.404
28.416
28.428
28.44
28.456
28.464
28.476
28.488
28.504
28.512
28.528
28.536
28.548
28.56
28.572
28.584
28.596
28.612
28.624
28.632
28.644
28.656
28.668
28.68
28.692
28.704
28.716
28.727999
28.744
28.756
28.763999
28.776
28.788
28.8
28.812
28.824
28.836
28.848
28.864
28.876
28.884
28.896
28.912
28.924
28.931999
28.943999
28.955999
28.968
28.98
28.992
29.004
29.016
29.028
29.04
29.052
29.064
29.08
29.088
29.1
29.111999
29.123999
29.135999
29.148
29.164
29.172
29.184
29.196
29.208
29.22
29.232
29.248
29.26
29.268
29.28
29.292
29.308
29.315999
29.327999
29.34
29.355999
29.367999
29.376
29.391999
29.4
29.416
29.424
29.436
29.448
29.464
29.476
29.488
29.495999
29.507999
29.524
29.536
29.547999
29.556
29.568
29.58
29.592
29.604
29.62
29.632
29.64
29.652
29.664
29.675999
29.687999
29.699999
29.716
29.724
29.736
29.748
29.763999
29.776
29.788
29.796
29.808
29.82
29.832
29.848
29.855999
29.872
29.884
29.896
29.908
29.919999
29.931999
29.94
29.955999
29.964
29.976
29.988
30.004
30.012
30.028
30.036
30.047999
30.059999
30.076
30.083999
30.1
30.108
30.123999
30.132
30.144
30.16
30.168
30.18
30.192
30.204
30.216
30.227999
30.239999
30.252
30.264
30.276
30.288
30.304
30.312
30.324
30.336
30.348
30.36
30.376
30.384
30.396
30.412
30.42
30.432
30.448
30.456
30.468
30.48
30.492
30.504
30.516
30.528
30.54
30.552
30.568
30.58
30.588
30.604
30.616
30.624
30.64
30.648
30.664
30.672
30.684
30.7
30.708
30.724
30.732
30.744
30.756
30.772
30.78
30.792
30.808
30.82
30.832
30.844
30.856
30.868
30.876
30.888
30.904
30.912
30.928
30.936
30.952
30.96
30.972
30.984
30.996
31.008
31.02
31.036
31.048
31.06
31.068
31.08
31.092
31.108
31.116
31.128
31.144
31.156
31.168
31.18
31.188
31.2
31.212
31.224
31.236
31.252
31.264
31.272
31.284
31.296
31.308
31.32
31.332
31.348
31.356
31.368
31.384
31.392
31.404
31.416
31.428
31.444
31.456
31.464
31.48
31.488
31.5
31.516
31.524
31.54
31.552
31.564
31.572
31.588
31.596
31.608
31.624
31.632
31.648
31.66
31.668
31.684
31.692
31.708
31.72
31.728
31.744
31.756
31.768
31.78
31.788
31.8
31.816
31.824
31.84
31.848
31.86
31.876
31.884
31.9
31.908
31.92
31.936
31.948
31.956
31.972
31.98
31.992
32.004
32.016
32.028
32.04
32.056
32.068
32.076
32.092
32.104
32.116
32.128
32.14
32.152
32.164
32.172
32.184
32.196
32.208
32.22
32.232
32.244
32.256
32.272
32.28
32.296
32.304
32.32
32.328
32.34
32.356
32.368
32.38
32.392
32.4
32.416
32.424
32.44
32.448
32.46
32.472
32.484
32.496
32.508
32.52
32.536
32.544
32.556
32.568
32.58
32.592
32.604
32.62
32.628
32.644
32.652
32.664
32.676
32.688
32.7
32.712
32.724
32.736
32.748
32.764
32.772
32.784
32.8
32.812
32.82
32.836
32.844
32.856
32.868
32.88
32.892
32.904
32.916
32.928
32.94
32.952
32.964
32.976
32.992
33.004
33.012
33.028
33.04
33.048
33.06
33.072
33.088
33.1
33.112
33.12
33.132
33.144
33.156
33.172
33.18
33.196
33.208
33.22
33.228
33.244
33.256
33.268
33.276
33.292
33.3
33.312
33.324
33.34
33.348
33.36
33.372
33.388
33.4
33.412
33.42
33.432
33.444
33.456
33.472
33.48
33.492
33.504
33.52
33.528
33.54
33.556
33.568
33.58
33.588
33.6
33.612
33.628
33.64
33.648
33.664
33.676
33.688
33.696
33.712
33.72
33.732
33.748
33.76
33.768
33.78
33.792
33.804
33.816
33.832
33.844
33.856
33.864
33.88
33.888
33.9
33.912
33.924
33.936
33.952
33.96
33.972
33.984
33.996
34.012
34.02
34.032
34.048
34.056
34.068
34.084
34.096
34.104
34.116
34.132
34.14
34.156
34.164
34.176
34.188
34.204
34.216
34.224
34.24
34.248
34.264
34.272
34.284
34.3
34.312
34.32
34.332
34.348
34.356
34.372
34.38
34.396
34.404
34.42
34.432
34.444
34.452
34.468
34.476
34.488
34.504
34.516
34.528
34.536
34.548
34.56
34.576
34.588
34.596
34.612
34.62
34.636
34.644
34.656
34.672
34.68
34.692
34.704
34.716
34.728
34.74
34.756
34.764
34.776
34.792
34.8
34.812
34.824
34.836
34.848
34.864
34.876
34.888
34.9
34.912
34.924
34.932
34.944
34.956
34.968
34.984
34.992
35.004
35.016
35.032
35.04
35.056
35.064
35.076
35.088
35.1
35.116
35.124
35.136
35.148
35.16
35.176
35.188
35.2
35.208
35.224
35.232
35.248
35.26
35.272
35.28
35.296
35.304
35.316
35.328
35.344
35.356
35.368
35.38
35.388
35.4
35.416
35.428
35.436
35.448
35.464
35.472
35.484
35.5
35.508
35.52
35.532
35.544
35.556
35.572
35.584
35.592
35.604
35.616
35.628
35.644
35.656
35.668
35.68
35.688
35.7
35.712
35.724
35.736
35.752
35.76
35.772
35.788
35.8
35.808
35.824
35.836
35.848
35.86
35.868
35.88
35.892
35.904
35.916
35.928
35.944
35.952
35.964
35.976
35.992
36.004
36.016
36.024
36.036
36.048
36.064
36.076
36.088
36.1
36.112
36.124
36.136
36.148
36.16
36.172
36.18
36.192
36.204
36.216
36.232
36.24
36.256
36.264
36.28
36.292
36.3
36.312
36.328
36.34
36.352
36.364
36.376
36.384
36.396
36.412
36.42
36.432
36.444
36.456
36.468
36.48
36.492
36.504
36.516
36.528
36.54
36.552
36.564
36.576
36.592
36.6
36.612
36.624
36.64
36.648
36.66
36.672
36.688
36.696
36.708
36.72
36.732
36.744
36.756
36.772
36.784
36.792
36.804
36.816
36.828
36.844
36.856
36.864
36.876
36.888
36.9
36.912
36.924
36.936
36.952
36.96
36.976
36.984
36.996
37.008
37.02
37.036
37.048
37.06
37.068
37.08
37.096
37.104
37.116
37.128
37.14
37.152
37.168
37.18
37.192
37.2
37.216
37.224
37.236
37.252
37.264
37.272
37.284
37.3
37.308
37.32
37.336
37.348
37.356
37.368
37.38
37.392
37.404
37.42
37.432
37.444
37.456
37.464
37.48
37.492
37.5
37.516
37.528
37.54
37.548
37.56
37.576
37.584
37.596
37.612
37.62
37.636
37.648
37.656
37.668
37.68
37.696
37.704
37.72
37.732
37.744
37.752
37.768
37.776
37.792
37.804
37.816
37.824
37.836
37.848
37.864
37.876
37.888
37.9
37.908
37.924
37.932
37.944
37.96
37.968
37.98
37.996
38.004
38.02
38.028
38.044
38.056
38.064
38.08
38.088
38.104
38.112
38.128
38.14
38.152
38.16
38.172
38.184
38.2
38.208
38.22
38.236
38.248
38.256
38.268
38.28
38.292
38.308
38.316
38.328
38.34
38.352
38.364
38.376
38.392
38.4
38.412
38.424
38.44
38.448
38.46
38.472
38.484
38.496
38.508
38.524
38.532
38.544
38.56
38.568
38.58
38.592
38.608
38.616
38.628
38.64
38.656
38.664
38.676
38.688
38.704
38.716
38.724
38.736
38.752
38.76
38.776
38.784
38.8
38.808
38.82
38.836
38.844
38.86
38.872
38.884
38.892
38.908
38.92
38.928
38.94
38.952
38.968
38.976
38.988
39.004
39.016
39.028
39.036
39.052
39.06
39.076
39.088
39.096
39.112
39.124
39.132
39.144
39.16
39.168
39.184
39.192
39.208
39.216
39.232
39.24
39.252
39.264
39.276
39.288
39.3
39.312
39.324
39.336
39.352
39.36
39.372
39.384
39.396
39.408
39.42
39.432
39.448
39.456
39.468
39.48
39.492
39.504
39.52
39.532
39.544
39.552
39.564
39.58
39.592
39.604
39.612
39.628
39.636
39.648
39.66
39.672
39.688
39.7
39.708
39.72
39.736
39.744
39.756
39.768
39.784
39.792
39.804
39.82
39.828
39.84
39.856
39.868
39.88
39.892
39.904
39.912
39.924
39.94
39.952
39.96
39.972
39.984
39.996
40.008
40.02
40.032
40.048
40.056
40.068
40.08
40.096
40.104
40.12
40.128
40.144
40.156
40.164
40.176
40.188
40.2
40.212
40.228
40.236
40.252
40.26
40.272
40.288
40.296
40.308
40.32
40.336
40.348
40.356
40.368
40.384
40.396
40.404
40.416
40.432
40.44
40.452
40.468
40.48
40.488
40.5
40.512
40.524
40.536
40.552
40.56
40.576
40.584
40.596
40.612
40.62
40.632
40.648
40.656
40.668
40.68
40.692
40.704
40.716
40.732
40.74
40.752
40.764
40.776
40.788
40.8
40.812
40.824
40.836
40.848
40.86
40.872
40.888
40.896
40.912
40.924
40.936
40.944
40.956
40.968
40.98
40.992
41.004
41.02
41.028
41.044
41.052
41.064
41.08
41.088
41.1
41.112
41.124
41.136
41.148
41.16
41.172
41.184
41.196
41.212
41.224
41.232
41.244
41.256
41.268
41.28
41.292
41.304
41.316
41.328
41.344
41.356
41.364
41.376
41.388
41.4
41.412
41.424
41.436
41.448
41.46
41.472
41.488
41.496
41.508
41.52
41.532
41.544
41.556
41.568
41.584
41.592
41.604
41.616
41.632
41.64
41.652
41.664
41.676
41.688
41.7
41.712
41.724
41.74
41.748
41.764
41.772
41.784
41.796
41.808
41.82
41.832
41.844
41.86
41.872
41.884
41.896
41.904
41.916
41.932
41.94
41.956
41.968
41.976
41.988
42
42.016
42.024
42.04
42.052
42.064
42.076
42.084
42.096
42.108
42.12
42.132
42.144
42.156
42.172
42.184
42.192
42.204
42.22
42.228
42.244
42.256
42.268
42.28
42.288
42.3
42.312
42.324
42.34
42.352
42.364
42.372
42.388
42.396
42.408
42.42
42.432
42.448
42.46
42.472
42.484
42.496
42.508
42.516
42.528
42.544
42.552
42.568
42.576
42.588
42.6
42.616
42.624
42.64
42.648
42.66
42.672
42.684
42.696
42.708
42.72
42.736
42.744
42.76
42.772
42.78
42.796
42.808
42.816
42.828
42.84
42.852
42.864
42.88
42.888
42.9
42.916
42.924
42.936
42.948
42.96
42.972
42.984
42.996
43.012
43.02
43.032
43.048
43.056
43.072
43.08
43.096
43.108
43.12
43.128
43.14
43.152
43.164
43.176
43.192
43.2
43.216
43.224
43.236
43.248
43.26
43.276
43.288
43.296
43.308
43.32
43.332
43.344
43.36
43.368
43.38
43.392
43.404
43.416
43.428
43.44
43.452
43.464
43.476
43.488
43.5
43.512
43.524
43.536
43.548
43.564
43.576
43.584
43.596
43.612
43.62
43.632
43.644
43.66
43.672
43.68
43.696
43.704
43.716
43.732
43.74
43.752
43.764
43.776
43.788
43.804
43.812
43.824
43.84
43.852
43.864
43.872
43.888
43.896
43.908
43.92
43.936
43.948
43.956
43.972
43.98
43.992
44.008
44.02
44.028
44.04
44.056
44.068
44.076
44.088
44.1
44.112
44.124
44.14
44.152
44.16
44.172
44.184
44.2
44.212
44.224
44.232
44.244
44.256
44.268
44.28
44.292
44.304
44.316
44.332
44.34
44.356
44.368
44.38
44.388
44.4
44.412
44.424
44.436
44.448
44.46
44.476
44.488
44.5
44.508
44.524
44.536
44.544
44.556
44.568
44.584
44.592
44.608
44.62
44.628
44.64
44.652
44.664
44.68
44.692
44.7
44.712
44.728
44.736
44.748
44.76
44.776
44.784
44.796
44.808
44.824
44.836
44.844
44.856
44.872
44.884
44.892
44.904
44.916
44.928
44.94
44.956
44.968
44.98
44.992
45
45.012
45.024
45.036
45.048
45.064
45.076
45.088
45.1
45.112
45.124
45.132
45.144
45.156
45.168
45.184
45.196
45.204
45.22
45.232
45.24
45.252
45.264
45.276
45.288
45.304
45.312
45.328
45.336
45.348
45.36
45.372
45.388
45.396
45.408
45.424
45.432
45.444
45.456
45.468
45.484
45.496
45.504
45.52
45.532
45.544
45.552
45.568
45.576
45.588
45.604
45.616
45.628
45.636
45.652
45.664
45.672
45.684
45.696
45.708
45.724
45.736
45.748
45.756
45.768
45.78
45.792
45.804
45.816
45.832
45.844
45.856
45.868
45.876
45.892
45.9
45.916
45.928
45.936
45.948
45.964
45.976
45.988
46
46.008
46.024
46.036
46.044
46.056
46.072
46.08
46.096
46.108
46.12
46.132
46.14
46.156
46.168
46.176
46.188
46.204
46.212
46.224
46.24
46.248
46.26
46.276
46.288
46.296
46.312
46.32
46.332
46.348
46.36
46.372
46.384
46.392
46.408
46.42
46.432
46.44
46.452
46.464
46.476
46.488
46.504
46.512
46.528
46.536
46.552
46.564
46.572
46.584
46.596
46.608
46.624
46.636
46.644
46.656
46.672
46.684
46.692
46.708
46.716
46.728
46.74
46.752
46.764
46.78
46.792
46.8
46.816
46.824
46.84
46.848
46.864
46.876
46.888
46.896
46.908
46.92
46.936
46.944
46.96
46.972
46.98
46.992
47.004
47.02
47.032
47.044
47.052
47.064
47.08
47.092
47.1
47.112
47.128
47.136
47.152
47.16
47.172
47.184
47.2
47.212
47.224
47.232
47.244
47.256
47.272
47.28
47.292
47.304
47.316
47.328
47.34
47.352
47.364
47.376
47.392
47.404
47.412
47.424
47.436
47.448
47.464
47.476
47.484
47.5
47.508
47.52
47.536
47.548
47.56
47.568
47.58
47.592
47.604
47.616
47.628
47.644
47.656
47.664
47.68
47.692
47.7
47.712
47.728
47.736
47.748
47.76
47.772
47.784
47.796
47.812
47.824
47.836
47.848
47.856
47.868
47.884
47.892
47.904
47.92
47.928
47.94
47.952
47.964
47.976
47.988
48.004
48.012
48.028
48.036
48.048
48.064
48.076
48.084
48.096
48.112
48.124
48.132
48.148
48.16
48.168
48.18
48.192
48.204
48.216
48.232
48.24
48.252
48.268
48.28
48.292
48.3
48.312
48.328
48.336
48.348
48.36
48.376
48.384
48.4
48.412
48.42
48.436
48.444
48.46
48.468
48.48
48.496
48.504
48.52
48.532
48.544
48.556
48.568
48.58
48.588
48.604
48.616
48.624
48.636
48.648
48.66
48.672
48.684
48.696
48.712
48.72
48.732
48.748
48.756
48.768
48.784
48.796
48.808
48.82
48.832
48.84
48.856
48.868
48.88
48.888
48.904
48.916
48.928
48.936
48.948
48.96
48.972
48.988
48.996
49.008
49.02
49.032
49.048
49.056
49.068
49.084
49.092
49.104
49.12
49.128
49.14
49.152
49.168
49.18
49.188
49.2
49.216
49.224
49.24
49.252
49.26
49.272
49.284
49.296
49.308
49.324
49.332
49.344
49.36
49.368
49.38
49.392
49.408
49.42
49.432
49.44
49.452
49.464
49.476
49.488
49.5
49.516
49.524
49.536
49.552
49.564
49.572
49.588
49.596
49.608
49.624
49.636
49.644
49.656
49.668
49.684
49.692
49.704
49.716
49.728
49.74
49.756
49.768
49.776
49.792
49.8
49.816
49.824
49.836
49.848
49.86
49.872
49.888
49.9
49.908
49.924
49.936
49.944
49.956
49.972
49.98
49.996
50.004
50.016
50.028
50.044
50.056
50.064
50.08
50.088
50.1
50.112
50.124
50.136
50.148
50.16
50.172
50.188
50.196
50.208
50.224
50.232
50.248
50.256
50.272
50.284
50.292
50.304
50.316
50.332
50.344
50.352
50.364
50.376
50.392
50.4
50.412
50.424
50.436
50.452
50.464
50.472
50.488
50.5
50.508
50.52
50.532
50.544
50.556
50.572
50.584
50.596
50.604
50.62
50.628
50.64
50.656
50.664
50.676
50.688
50.7
50.712
50.728
50.736
50.748
50.764
50.776
50.784
50.796
50.808
50.824
50.832
50.848
50.86
50.868
50.88
50.896
50.904
50.916
50.932
50.94
50.956
50.968
50.976
50.988
51.004
51.012
51.028
51.04
51.048
51.06
51.076
51.088
51.1
51.112
51.12
51.132
51.144
51.156
51.172
51.18
51.192
51.204
51.216
51.228
51.244
51.256
51.268
51.28
51.292
51.304
51.312
51.328
51.34
51.352
51.36
51.372
51.384
51.396
51.408
51.42
51.432
51.444
51.456
51.468
51.484
51.492
51.504
51.516
51.532
51.54
51.556
51.564
51.576
51.588
51.6
51.612
51.628
51.636
51.648
51.66
51.672
51.684
51.7
51.708
51.72
51.732
51.744
51.756
51.768
51.78
51.792
51.804
51.816
51.828
51.84
51.856
51.868
51.88
51.888
51.9
51.912
51.924
51.936
51.948
51.964
51.976
51.988
51.996
52.012
52.024
52.036
52.044
52.056
52.068
52.08
52.092
52.104
52.116
52.128
52.14
52.152
52.164
52.18
52.188
52.2
52.212
52.228
52.236
52.248
52.26
52.272
52.288
52.3
52.308
52.32
52.332
52.344
52.36
52.368
52.38
52.392
52.404
52.42
52.428
52.44
52.452
52.464
52.476
52.488
52.504
52.512
52.524
52.536
52.548
52.56
52.576
52.584
52.596
52.608
52.62
52.632
52.644
52.656
52.668
52.684
52.696
52.704
52.716
52.728
52.74
52.752
52.768
52.776
52.792
52.804
52.816
52.828
52.836
52.848
52.864
52.876
52.888
52.9
52.912
52.92
52.932
52.948
52.96
52.972
52.984
52.996
53.004
53.016
53.032
53.044
53.056
53.068
53.076
53.088
53.1
53.112
53.124
53.136
53.148
53.16
53.172
53.184
53.196
53.212
53.224
53.232
53.244
53.256
53.268
53.28
53.296
53.308
53.316
53.328
53.34
53.352
53.364
53.376
53.388
53.4
53.416
53.424
53.436
53.448
53.464
53.472
53.484
53.5
53.508
53.52
53.532
53.544
53.56
53.568
53.584
53.596
53.608
53.616
53.632
53.64
53.652
53.668
53.68
53.692
53.7
53.712
53.724
53.736
53.748
53.76
53.776
53.788
53.8
53.812
53.824
53.832
53.844
53.856
53.868
53.884
53.896
53.904
53.92
53.928
53.94
53.956
53.964
53.976
53.988
54.004
54.012
54.024
54.036
54.048
54.06
54.072
54.084
54.096
54.112
54.12
54.132
54.144
54.16
54.168
54.184
54.192
54.208
54.216
54.228
54.24
54.252
54.268
54.28
54.288
54.3
54.312
54.328
54.336
54.348
54.36
54.372
54.384
54.4
54.412
54.42
54.432
54.444
54.46
54.468
54.48
54.492
54.504
54.516
54.532
54.544
54.552
54.568
54.58
54.588
54.6
54.612
54.628
54.64
54.652
54.664
54.672
54.688
54.7
54.708
54.72
54.732
54.744
54.756
54.768
54.784
54.796
54.804
54.816
54.832
54.84
54.856
54.864
54.88
54.888
54.9
54.912
54.924
54.936
54.948
54.964
54.972
54.984
55
55.012
55.024
55.036
55.044
55.056
55.068
55.08
55.092
55.104
55.116
55.132
55.144
55.156
55.168
55.176
55.188
55.2
55.212
55.224
55.236
55.252
55.26
55.272
55.288
55.296
55.308
55.324
55.336
55.348
55.36
55.372
55.38
55.392
55.404
55.42
55.428
55.444
55.452
55.464
55.48
55.488
55.504
55.512
55.528
55.54
55.548
55.56
55.576
55.584
55.6
55.608
55.62
55.632
55.644
55.66
55.668
55.68
55.692
55.704
55.72
55.728
55.744
55.752
55.768
55.78
55.788
55.8
55.816
55.824
55.836
55.848
55.864
55.872
55.888
55.9
55.912
55.92
55.936
55.944
55.96
55.968
55.98
55.996
56.008
56.016
56.028
56.044
56.056
56.068
56.08
56.092
56.1
56.112
56.128
56.14
56.148
56.164
56.176
56.188
56.2
56.208
56.22
56.232
56.244
56.256
56.268
56.28
56.292
56.308
56.316
56.328
56.34
56.352
56.368
56.376
56.392
56.4
56.412
56.428
56.436
56.448
56.464
56.476
56.488
56.496
56.508
56.524
56.532
56.548
56.56
56.568
56.58
56.596
56.608
56.62
56.628
56.64
56.656
56.664
56.676
56.688
56.7
56.712
56.724
56.74
56.748
56.764
56.772
56.788
56.796
56.812
56.824
56.832
56.844
56.86
56.872
56.884
56.896
56.904
56.916
56.928
56.94
56.952
56.968
56.976
56.988
57
57.016
57.024
57.04
57.048
57.06
57.072
57.084
57.096
57.112
57.124
57.132
57.144
57.156
57.172
57.18
57.192
57.208
57.22
57.228
57.24
57.256
57.264
57.28
57.292
57.304
57.312
57.324
57.34
57.348
57.36
57.376
57.388
57.4
57.408
57.42
57.432
57.448
57.456
57.468
57.48
57.496
57.508
57.52
57.532
57.544
57.552
57.564
57.58
57.588
57.604
57.612
57.624
57.636
57.648
57.664
57.672
57.688
57.696
57.708
57.72
57.732
57.748
57.76
57.768
57.78
57.792
57.808
57.816
57.828
57.84
57.856
57.868
57.876
57.888
57.9
57.916
57.928
57.936
57.948
57.964
57.972
57.988
57.996
58.008
58.02
58.032
58.044
58.06
58.072
58.08
58.092
58.104
58.116
58.128
58.14
58.152
58.164
58.176
58.188
58.2
58.216
58.224
58.236
58.248
58.26
58.272
58.284
58.296
58.308
58.32
58.332
58.344
58.356
58.368
58.38
58.396
58.404
58.42
58.428
58.44
58.452
58.464
58.476
58.488
58.5
58.512
58.528
58.536
58.552
58.56
58.576
58.584
58.6
58.608
58.624
58.636
58.644
58.656
58.672
58.684
58.692
58.704
58.716
58.728
58.74
58.752
58.768
58.776
58.788
58.8
58.812
58.828
58.84
58.848
58.86
58.872
58.884
58.896
58.908
58.92
58.936
58.948
58.956
58.968
58.984
58.996
59.004
59.016
59.028
59.04
59.056
59.064
59.08
59.088
59.1
59.112
59.128
59.14
59.148
59.16
59.172
59.188
59.196
59.208
59.22
59.232
59.244
59.256
59.272
59.28
59.292
59.304
59.32
59.328
59.344
59.356
59.364
59.38
59.388
59.4
59.416
59.424
59.436
59.452
59.46
59.476
59.484
59.496
59.512
59.52
59.536
59.544
59.556
59.568
59.58
59.592
59.604
59.616
59.628
59.64
59.652
59.664
59.676
59.688
59.7
59.712
59.728
59.736
59.748
59.764
59.772
59.784
59.796
59.808
59.82
59.832
59.844
59.856
59.872
59.88
59.892
59.908
59.916
59.932
59.94
59.952
59.964
59.976
59.988
60
60.012
60.024
60.036
60.048
60.06
60.072
60.088
60.096
60.108
60.12
60.132
60.144
60.156
60.168
60.184
60.196
60.204
60.216
60.228
60.24
60.252
60.268
60.276
60.292
60.304
60.312
60.324
60.34
60.352
60.36
60.372
60.384
60.396
60.412
60.42
60.436
60.444
60.456
60.472
60.48
60.492
60.504
60.52
60.532
60.544
60.552
60.564
60.576
60.592
60.604
60.612
60.624
60.636
60.652
60.664
60.672
60.684
60.7
60.708
60.72
60.736
60.748
60.759999
60.768
60.78
60.795999
60.804
60.819999
60.831999
60.84
60.852
60.864
60.876
60.892
60.904
60.911999
60.928
60.935999
60.947999
60.959999
60.976
60.988
60.996
61.008
61.02
61.032
61.048
61.056
61.068
61.08
61.092
61.104
61.116
61.128
61.14
61.155999
61.167999
61.176
61.188
61.2
61.212
61.224
61.24
61.248
61.264
61.276
61.288
61.3
61.312
61.319999
61.336
61.343999
61.356
61.368
61.384
61.392
61.408
61.416
61.428
61.44
61.456
61.464
61.48
61.492
61.504
61.515999
61.527999
61.536
61.548
61.56
61.572
61.584
61.596
61.612
61.62
61.632
61.643999
61.655999
61.672
61.679999
61.691999
61.703999
61.72
61.728
61.74
61.752
61.764
61.776
61.788
61.804
61.812
61.824
61.84
61.848
61.86
61.872
61.884
61.899999
61.911999
61.923999
61.932
61.947999
61.956
61.971999
61.98
61.996
62.004
62.015999
62.032
62.044
62.051999
62.063999
62.08
62.087999
62.1
62.112
62.128
62.136
62.148
62.164
62.172
62.184
62.2
62.208
62.22
62.232
62.244
62.259999
62.268
62.283999
62.295999
62.307999
62.316
62.328
62.343999
62.352
62.364
62.376
62.387999
62.404
62.416
62.423999
62.435999
62.452
62.464
62.471999
62.488
62.496
62.512
62.524
62.536
62.548
62.56
62.572
62.584
62.592
62.604
62.616
62.628
62.64
62.652
62.664
62.676
62.688
62.703999
62.712
62.724
62.74
62.752
62.759999
62.771999
62.783999
62.795999
62.807999
62.819999
62.836
62.848
62.856
62.872
62.884
62.896
62.904
62.916
62.932
62.944
62.956
62.968
62.976
62.988
63
63.015999
63.027999
63.036
63.048
63.063999
63.072
63.084
63.096
63.108
63.124
63.136
63.143999
63.155999
63.167999
63.179999
63.191999
63.208
63.22
63.228
63.24
63.252
63.264
63.28
63.292
63.3
63.316
63.324
63.34
63.352
63.364
63.372
63.384
63.396
63.411999
63.42
63.435999
63.444
63.459999
63.471999
63.484
63.496
63.504
63.52
63.532
63.539999
63.551999
63.568
63.575999
63.587999
63.604
63.616
63.624
63.64
63.652
63.66
63.676
63.688
63.696
63.708
63.724
63.732
63.744
63.759999
63.771999
63.78
63.795999
63.808
63.816
63.828
63.84
63.856
63.864
63.876
63.888
63.904
63.912
63.928
63.94
63.948
63.964
63.976
63.988
64
64.012
64.02
64.032
64.044
64.056
64.068
64.084
64.096
64.108
64.116
64.128
64.144
64.156
64.164
64.176
64.192
64.204
64.212
64.224
64.236
64.252
64.26
64.272
64.288
64.3
64.312
64.32
64.336
64.348
64.36
64.368
64.384
64.392
64.408
64.42
64.428
64.44
64.456
64.464
64.48
64.488
64.504
64.512
64.528
64.54
64.552
64.564
64.572
64.588
64.596
64.608
64.624
64.636
64.644
64.656
64.668
64.68
64.696
64.704
64.72
64.728
64.74
64.752
64.768
64.776
64.792
64.8
64.812
64.824
64.84
64.852
64.86
64.872
64.884
64.9
64.908
64.92
64.936
64.944
64.96
64.972
64.98
64.992
65.004
65.016
65.028
65.044
65.052
65.064
65.08
65.092
65.104
65.112
65.128
65.14
65.148
65.164
65.172
65.184
65.2
65.208
65.22
65.232
65.244
65.256
65.268
65.28
65.292
65.308
65.316
65.332
65.344
65.352
65.364
65.38
65.392
65.404
65.412
65.424
65.436
65.448
65.46
65.472
65.488
65.5
65.512
65.52
65.532
65.544
65.556
65.568
65.58
65.592
65.604
65.62
65.632
65.644
65.652
65.664
65.676
65.688
65.7
65.712
65.728
65.736
65.748
65.764
65.772
65.784
65.796
65.808
65.82
65.832
65.848
65.856
65.868
65.88
65.892
65.904
65.916
65.928
65.94
65.952
65.968
65.98
65.992
66
66.016
66.024
66.04
66.048
66.06
66.072
66.084
66.1
66.108
66.12
66.136
66.144
66.156
66.172
66.18
66.196
66.208
66.216
66.232
66.24
66.252
66.264
66.276
66.288
66.3
66.312
66.324
66.336
66.352
66.36
66.372
66.384
66.396
66.408
66.42
66.436
66.448
66.456
66.468
66.48
66.496
66.508
66.52
66.532
66.54
66.556
66.564
66.58
66.588
66.6
66.612
66.628
66.636
66.648
66.66
66.672
66.688
66.696
66.708
66.72
66.732
66.744
66.756
66.768
66.784
66.796
66.804
66.82
66.832
66.844
66.852
66.864
66.876
66.892
66.904
66.912
66.928
66.936
66.952
66.96
66.976
66.984
66.996
67.012
67.02
67.032
67.048
67.056
67.072
67.08
67.092
67.108
67.116
67.128
67.14
67.152
67.168
67.176
67.188
67.2
67.216
67.228
67.24
67.252
67.26
67.272
67.284
67.296
67.308
67.32
67.336
67.348
67.36
67.372
67.384
67.396
67.404
67.416
67.432
67.44
67.456
67.464
67.476
67.488
67.504
67.516
67.524
67.54
67.548
67.56
67.576
67.588
67.596
67.608
67.62
67.636
67.644
67.66
67.672
67.684
67.692
67.704
67.716
67.728
67.74
67.752
67.768
67.776
67.788
67.804
67.812
67.824
67.836
67.848
67.86
67.872
67.884
67.9
67.908
67.92
67.936
67.944
67.96
67.968
67.984
67.992
68.004
68.02
68.028
68.04
68.052
68.064
68.076
68.088
68.1
68.112
68.124
68.136
68.152
68.16
68.176
68.184
68.196
68.208
68.224
68.236
68.248
68.256
68.268
68.28
68.292
68.308
68.316
68.328
68.34
68.352
68.364
68.376
68.392
68.404
68.416
68.424
68.436
68.448
68.464
68.472
68.488
68.5
68.508
68.52
68.532
68.548
68.556
68.572
68.584
68.596
68.608
68.62
68.628
68.644
68.652
68.664
68.676
68.688
68.704
68.712
68.724
68.736
68.748
68.76
68.772
68.784
68.796
68.812
68.82
68.832
68.844
68.86
68.868
68.88
68.892
68.904
68.916
68.928
68.94
68.952
68.964
68.976
68.988
69
69.016
69.024
69.04
69.048
69.064
69.072
69.084
69.1
69.112
69.12
69.136
69.144
69.156
69.168
69.184
69.196
69.204
69.216
69.228
69.24
69.252
69.264
69.28
69.292
69.3
69.316
69.328
69.34
69.348
69.364
69.376
69.384
69.396
69.408
69.42
69.432
69.448
69.46
69.468
69.484
69.496
69.508
69.516
69.532
69.544
69.552
69.564
69.576
69.588
69.6
69.612
69.624
69.636
69.652
69.66
69.676
69.684
69.7
69.712
69.72
69.732
69.744
69.756
69.772
69.78
69.796
69.804
69.816
69.828
69.844
69.856
69.868
69.876
69.888
69.904
69.912
69.924
69.936
69.952
69.964
69.972
69.984
69.996
70.008
70.02
70.032
70.048
70.06
70.072
70.084
70.092
70.104
70.116
70.128
70.14
70.152
70.168
70.18
70.192
70.204
70.216
70.224
70.236
70.248
70.26
70.272
70.284
70.296
70.312
70.32
70.332
70.344
70.356
70.368
70.38
70.396
70.404
70.416
70.428
70.44
70.452
70.464
70.476
70.492
70.5
70.512
70.528
70.536
70.552
70.56
70.576
70.588
70.6
70.608
70.62
70.636
70.644
70.66
70.668
70.684
70.696
70.708
70.716
70.728
70.744
70.752
70.768
70.78
70.792
70.8
70.812
70.828
70.836
70.848
70.86
70.872
70.888
70.896
70.912
70.92
70.932
70.944
70.956
70.968
70.984
70.992
71.004
71.016
71.032
71.04
71.052
71.068
71.076
71.088
71.1
71.116
71.128
71.136
71.152
71.16
71.172
71.184
71.2
71.212
71.224
71.232
71.244
71.256
71.268
71.28
71.296
71.308
71.32
71.328
71.344
71.352
71.368
71.376
71.388
71.404
71.412
71.424
71.436
71.448
71.464
71.472
71.488
71.5
71.512
71.524
71.536
71.544
71.556
71.568
71.584
71.592
71.604
71.616
71.628
71.64
71.652
71.664
71.68
71.688
71.7
71.712
71.724
71.74
71.748
71.76
71.772
71.784
71.796
71.812
71.82
71.832
71.844
71.856
71.868
71.88
71.892
71.904
71.916
71.932
71.94
71.952
71.968
71.98
71.988
72
72.012
72.028
72.036
72.048
72.06
72.076
72.084
72.1
72.108
72.124
72.136
72.144
72.16
72.168
72.18
72.192
72.204
72.216
72.228
72.244
72.252
72.264
72.276
72.288
72.3
72.312
72.324
72.336
72.348
72.36
72.372
72.388
72.396
72.408
72.42
72.432
72.448
72.456
72.468
72.48
72.492
72.504
72.52
72.528
72.54
72.556
72.568
72.58
72.592
72.6
72.616
72.624
72.636
72.648
72.664
72.676
72.684
72.7
72.712
72.72
72.732
72.744
72.756
72.772
72.78
72.792
72.804
72.816
72.828
72.84
72.852
72.868
72.876
72.888
72.904
72.912
72.924
72.936
72.948
72.96
72.972
72.988
73
73.008
73.02
73.036
73.044
73.06
73.068
73.084
73.092
73.104
73.12
73.128
73.144
73.152
73.164
73.176
73.188
73.2
73.212
73.228
73.24
73.252
73.264
73.272
73.284
73.3
73.312
73.324
73.332
73.344
73.36
73.372
73.384
73.396
73.404
73.416
73.428
73.44
73.452
73.468
73.476
73.492
73.5
73.516
73.528
73.54
73.548
73.56
73.576
73.588
73.6
73.612
73.624
73.632
73.644
73.656
73.668
73.68
73.696
73.708
73.716
73.728
73.74
73.752
73.764
73.776
73.788
73.804
73.816
73.824
73.836
73.848
73.86
73.872
73.884
73.9
73.908
73.924
73.936
73.944
73.956
73.968
73.98
73.992
74.004
74.016
74.028
74.04
74.052
74.068
74.076
74.088
74.1
74.112
74.128
74.14
74.152
74.16
74.172
74.184
74.2
74.208
74.224
74.232
74.248
74.26
74.268
74.28
74.296
74.308
74.32
74.328
74.344
74.352
74.364
74.376
74.388
74.4
74.412
74.424
74.44
74.448
74.46
74.476
74.484
74.496
74.512
74.524
74.532
74.548
74.556
74.572
74.58
74.592
74.604
74.616
74.632
74.644
74.652
74.664
74.68
74.692
74.7
74.712
74.728
74.736
74.752
74.76
74.776
74.784
74.796
74.808
74.824
74.836
74.848
74.86
74.868
74.884
74.892
74.904
74.916
74.932
74.944
74.956
74.964
74.976
74.992
75
75.012
75.028
75.036
75.048
75.06
75.076
75.084
75.1
75.112
75.12
75.132
75.144
75.156
75.172
75.18
75.192
75.204
75.216
75.228
75.244
75.252
75.264
75.276
75.288
75.304
75.312
75.328
75.336
75.348
75.36
75.376
75.384
75.396
75.408
75.42
75.432
75.444
75.456
75.468
75.484
75.496
75.508
75.52
75.528
75.54
75.552
75.564
75.58
75.588
75.6
75.612
75.624
75.64
75.648
75.66
75.672
75.684
75.7
75.708
75.72
75.732
75.748
75.756
75.768
75.784
75.792
75.808
75.816
75.832
75.844
75.856
75.864
75.876
75.888
75.9
75.916
75.924
75.936
75.948
75.964
75.976
75.984
75.996
76.008
76.02
76.032
76.044
76.056
76.072
76.084
76.092
76.104
76.12
76.128
76.14
76.156
76.164
76.176
76.188
76.2
76.216
76.224
76.236
76.248
76.26
76.272
76.284
76.3
76.308
76.32
76.332
76.344
76.356
76.368
76.384
76.392
76.408
76.416
76.428
76.444
76.452
76.464
76.476
76.492
76.504
76.512
76.524
76.536
76.548
76.564
76.572
76.584
76.6
76.612
76.62
76.632
76.644
76.66
76.668
76.684
76.692
76.704
76.716
76.728
76.74
76.752
76.768
76.78
76.792
76.804
76.816
76.828
76.84
76.848
76.86
76.872
76.884
76.896
76.912
76.92
76.936
76.948
76.96
76.968
76.98
76.996
77.008
77.016
77.032
77.04
77.056
77.064
77.076
77.092
77.1
77.116
77.124
77.136
77.148
77.16
77.172
77.184
77.196
77.208
77.224
77.232
77.244
77.256
77.268
77.28
77.292
77.304
77.32
77.332
77.34
77.352
77.364
77.376
77.388
77.4
77.412
77.424
77.436
77.448
77.46
77.472
77.488
77.5
77.508
77.52
77.532
77.544
77.56
77.572
77.58
77.592
77.604
77.616
77.632
77.64
77.652
77.664
77.68
77.692
77.7
77.712
77.724
77.74
77.748
77.76
77.772
77.784
77.8
77.808
77.82
77.832
77.844
77.856
77.872
77.88
77.892
77.904
77.916
77.932
77.94
77.952
77.964
77.976
77.988
78.004
78.012
78.028
78.036
78.052
78.06
78.076
78.088
78.096
78.112
78.12
78.136
78.148
78.156
78.172
78.18
78.192
78.204
78.216
78.228
78.244
78.252
78.264
78.28
78.288
78.3
78.312
78.324
78.336
78.348
78.36
78.372
78.384
78.396
78.412
78.42
78.436
78.444
78.456
78.468
78.484
78.492
78.504
78.52
78.528
78.54
78.552
78.568
78.58
78.592
78.6
78.616
78.624
78.636
78.648
78.66
78.672
78.684
78.7
78.708
78.72
78.732
78.748
78.756
78.768
78.784
78.792
78.804
78.816
78.828
78.84
78.852
78.864
78.88
78.892
78.9
78.912
78.924
78.94
78.948
78.96
78.972
78.988
78.996
79.008
79.02
79.032
79.044
79.056
79.068
79.084
79.096
79.104
79.12
79.132
79.14
79.152
79.164
79.176
79.188
79.2
79.212
79.224
79.236
79.248
79.264
79.272
79.288
79.296
79.312
79.324
79.332
79.344
79.36
79.368
79.38
79.396
79.408
79.42
79.428
79.44
79.456
79.468
79.476
79.488
79.5
79.512
79.528
79.536
79.548
79.564
79.576
79.588
79.596
79.608
79.62
79.632
79.644
79.656
79.668
79.68
79.692
79.704
79.716
79.732
79.744
79.756
79.768
79.776
79.788
79.804
79.816
79.824
79.84
79.852
79.86
79.876
79.884
79.9
79.908
79.92
79.932
79.944
79.956
79.968
79.98
79.992
80.004
80.016
80.028
80.044
80.056
80.064
80.076
80.092
80.104
80.112
80.124
80.14
80.148
80.16
80.172
80.188
80.2
80.208
80.224
80.232
80.244
80.26
80.268
80.28
80.292
80.304
80.316
80.328
80.34
80.352
80.364
80.38
80.388
80.4
80.412
80.424
80.436
80.448
80.46
80.476
80.484
80.5
80.508
80.52
80.532
80.548
80.56
80.572
80.584
80.592
80.604
80.616
80.628
80.644
80.652
80.664
80.676
80.688
80.7
80.712
80.724
80.736
80.752
80.76
80.772
80.784
80.796
80.808
80.824
80.836
80.844
80.856
80.868
80.88
80.896
80.904
80.916
80.928
80.94
80.952
80.964
80.976
80.992
81.004
81.012
81.024
81.036
81.048
81.06
81.072
81.084
81.096
81.108
81.124
81.136
81.144
81.16
81.172
81.18
81.192
81.204
81.216
81.228
81.244
81.252
81.264
81.276
81.288
81.3
81.312
81.324
81.336
81.348
81.36
81.372
81.384
81.4
81.408
81.424
81.432
81.444
81.46
81.472
81.48
81.492
81.504
81.52
81.528
81.54
81.556
81.564
81.576
81.588
81.6
81.612
81.628
81.636
81.648
81.66
81.672
81.684
81.696
81.712
81.724
81.732
81.744
81.756
81.768
81.784
81.792
81.804
81.816
81.832
81.84
81.852
81.864
81.876
81.888
81.9
81.916
81.924
81.94
81.948
81.964
81.976
81.988
81.996
82.012
82.024
82.032
82.044
82.06
82.068
82.08
82.096
82.104
82.116
82.132
82.144
82.152
82.164
82.18
82.188
82.2
82.216
82.224
82.24
82.248
82.26
82.272
82.284
82.296
82.308
82.32
82.332
82.344
82.356
82.368
82.38
82.392
82.404
82.42
82.428
82.44
82.456
82.464
82.48
82.488
82.5
82.512
82.528
82.54
82.552
82.56
82.572
82.584
82.596
82.612
82.62
82.632
82.644
82.656
82.672
82.68
82.696
82.704
82.716
82.728
82.744
82.752
82.768
82.776
82.788
82.804
82.816
82.828
82.836
82.848
82.86
82.872
82.888
82.896
82.908
82.92
82.936
82.944
82.956
82.972
82.98
82.992
83.008
83.016
83.028
83.04
83.056
83.064
83.076
83.088
83.1
83.112
83.124
83.14
83.152
83.16
83.172
83.184
83.2
83.212
83.22
83.236
83.244
83.256
83.268
83.28
83.292
83.304
83.32
83.328
83.34
83.356
83.364
83.376
83.392
83.4
83.412
83.424
83.44
83.448
83.46
83.472
83.484
83.5
83.512
83.52
83.532
83.544
83.556
83.568
83.584
83.592
83.604
83.616
83.628
83.64
83.652
83.664
83.676
83.688
83.7
83.712
83.724
83.736
83.752
83.76
83.776
83.788
83.796
83.808
83.82
83.836
83.848
83.856
83.868
83.884
83.892
83.908
83.916
83.932
83.94
83.952
83.968
83.98
83.988
84.004
84.012
84.024
84.036
84.048
84.06
84.072
84.084
84.096
84.108
84.12
84.132
84.144
84.156
84.172
84.184
84.196
84.204
84.22
84.232
84.244
84.256
84.264
84.276
84.288
84.304
84.312
84.324
84.336
84.352
84.364
84.376
84.384
84.396
84.408
84.424
84.432
84.444
84.456
84.472
84.48
84.496
84.504
84.516
84.532
84.54
84.552
84.568
84.576
84.588
84.604
84.616
84.628
84.64
84.648
84.66
84.676
84.684
84.7
84.708
84.72
84.736
84.744
84.756
84.772
84.784
84.796
84.808
84.816
84.832
84.844
84.856
84.864
84.88
84.888
84.904
84.912
84.924
84.94
84.948
84.964
84.976
84.984
84.996
85.008
85.02
85.036
85.048
85.06
85.072
85.08
85.092
85.108
85.12
85.128
85.14
85.152
85.164
85.176
85.192
85.2
85.212
85.228
85.236
85.248
85.26
85.272
85.284
85.296
85.308
85.324
85.332
85.344
85.36
85.368
85.38
85.396
85.408
85.416
85.432
85.444
85.452
85.468
85.476
85.492
85.504
85.512
85.524
85.536
85.552
85.56
85.572
85.584
85.596
85.608
85.62
85.636
85.644
85.66
85.672
85.68
85.692
85.708
85.72
85.732
85.744
85.752
85.764
85.776
85.792
85.8
85.816
85.828
85.84
85.848
85.86
85.876
85.884
85.9
85.912
85.924
85.932
85.948
85.956
85.972
85.984
85.996
86.004
86.02
86.028
86.044
86.052
86.064
86.076
86.092
86.104
86.116
86.124
86.136
86.148
86.16
86.176
86.188
86.196
86.208
86.22
86.232
86.248
86.256
86.268
86.28
86.292
86.304
86.316
86.328
86.34
86.352
86.368
86.376
86.392
86.4
86.412
86.428
86.436
86.448
86.464
86.476
86.488
86.496
86.512
86.52
86.536
86.544
86.56
86.572
86.58
86.592
86.604
86.616
86.628
86.644
86.656
86.668
86.676
86.692
86.704
86.712
86.724
86.736
86.752
86.76
86.776
86.788
86.8
86.808
86.824
86.832
86.844
86.856
86.872
86.88
86.892
86.904
86.92
86.928
86.94
86.952
86.964
86.976
86.988
87
87.012
87.024
87.036
87.048
87.06
87.072
87.088
87.1
87.108
87.124
87.136
87.144
87.156
87.168
87.18
87.192
87.208
87.216
87.228
87.24
87.252
87.264
87.276
87.288
87.3
87.312
87.324
87.336
87.352
87.364
87.376
87.384
87.4
87.408
87.424
87.432
87.448
87.456
87.468
87.48
87.496
87.508
87.52
87.528
87.54
87.556
87.564
87.576
87.588
87.6
87.612
87.624
87.64
87.648
87.664
87.676
87.684
87.7
87.712
87.72
87.732
87.744
87.756
87.772
87.784
87.796
87.804
87.816
87.832
87.84
87.852
87.868
87.88
87.892
87.9
87.912
87.928
87.936
87.948
87.96
87.972
87.988
87.996
88.012
88.02
88.032
88.044
88.06
88.068
88.08
88.092
88.104
88.116
88.128
88.14
88.152
88.164
88.18
88.192
88.204
88.216
88.224
88.24
88.248
88.26
88.272
88.284
88.296
88.312
88.32
88.332
88.344
88.356
88.368
88.384
88.392
88.404
88.42
88.432
88.44
88.456
88.464
88.476
88.492
88.5
88.516
88.524
88.536
88.548
88.56
88.572
88.584
88.596
88.608
88.624
88.632
88.644
88.66
88.672
88.684
88.696
88.708
88.716
88.732
88.74
88.756
88.768
88.776
88.792
88.8
88.816
88.828
88.836
88.848
88.86
88.872
88.884
88.896
88.908
88.92
88.932
88.944
88.956
88.972
88.984
88.996
89.004
89.016
89.028
89.04
89.052
89.064
89.076
89.088
89.104
89.112
89.124
89.136
89.148
89.16
89.172
89.184
89.196
89.208
89.22
89.232
89.244
89.256
89.272
89.28
89.292
89.304
89.316
89.328
89.34
89.352
89.364
89.376
89.388
89.4
89.416
89.424
89.436
89.452
89.46
89.472
89.484
89.5
89.512
89.524
89.536
89.544
89.556
89.568
89.584
89.592
89.608
89.616
89.628
89.64
89.656
89.664
89.676
89.688
89.704
89.712
89.728
89.736
89.748
89.76
89.772
89.788
89.8
89.812
89.82
89.832
89.844
89.856
89.872
89.88
89.896
89.904
89.92
89.928
89.94
89.952
89.964
89.976
89.988
90
90.016
90.024
90.04
90.048
90.06
90.072
90.088
90.096
90.108
90.12
90.132
90.144
90.156
90.168
90.184
90.196
90.208
90.216
90.228
90.244
90.256
90.264
90.276
90.288
90.304
90.312
90.324
90.336
90.348
90.364
90.376
90.384
90.4
90.412
90.424
90.432
90.444
90.46
90.468
90.48
90.496
90.504
90.516
90.532
90.544
90.552
90.564
90.576
90.588
90.6
90.616
90.624
90.636
90.648
90.664
90.672
90.688
90.7
90.708
90.72
90.732
90.744
90.756
90.772
90.784
90.796
90.804
90.816
90.828
90.844
90.852
90.864
90.88
90.892
90.9
90.912
90.928
90.94
90.952
90.96
90.976
90.984
90.996
91.008
91.024
91.032
91.044
91.056
91.072
91.084
91.096
91.104
91.12
91.128
91.14
91.152
91.164
91.18
91.192
91.2
91.212
91.224
91.236
91.248
91.264
91.272
91.284
91.296
91.308
91.32
91.332
91.344
91.356
91.372
91.38
91.392
91.408
91.416
91.432
91.44
91.452
91.468
91.476
91.488
91.5
91.512
91.528
91.536
91.552
91.564
91.576
91.588
91.596
91.608
91.62
91.632
91.644
91.656
91.668
91.68
91.696
91.708
91.716
91.728
91.74
91.752
91.768
91.776
91.788
91.804
91.812
91.824
91.84
91.848
91.86
91.872
91.884
91.9
91.912
91.924
91.932
91.948
91.96
91.972
91.98
91.992
92.008
92.016
92.028
92.04
92.052
92.064
92.076
92.092
92.104
92.112
92.124
92.136
92.152
92.164
92.172
92.188
92.196
92.208
92.22
92.236
92.248
92.256
92.268
92.284
92.292
92.308
92.316
92.328
92.34
92.352
92.364
92.376
92.392
92.404
92.412
92.424
92.436
92.452
92.46
92.472
92.484
92.5
92.508
92.52
92.536
92.544
92.56
92.568
92.58
92.592
92.604
92.62
92.628
92.64
92.652
92.664
92.676
92.692
92.7
92.712
92.724
92.74
92.752
92.76
92.776
92.784
92.796
92.808
92.824
92.836
92.844
92.86
92.868
92.884
92.896
92.904
92.916
92.928
92.94
92.956
92.964
92.976
92.988
93
93.012
93.024
93.04
93.052
93.06
93.072
93.084
93.1
93.112
93.12
93.132
93.144
93.156
93.168
93.18
93.192
93.208
93.216
93.228
93.24
93.252
93.268
93.28
93.292
93.304
93.312
93.324
93.336
93.348
93.36
93.376
93.384
93.396
93.412
93.424
93.436
93.444
93.456
93.468
93.484
93.492
93.504
93.516
93.532
93.544
93.552
93.564
93.576
93.592
93.6
93.612
93.624
93.636
93.648
93.66
93.676
93.684
93.696
93.708
93.72
93.732
93.744
93.756
93.772
93.78
93.792
93.804
93.816
93.828
93.844
93.852
93.864
93.88
93.892
93.9
93.912
93.928
93.936
93.952
93.96
93.972
93.984
93.996
94.012
94.02
94.036
94.044
94.056
94.068
94.08
94.092
94.108
94.116
94.132
94.14
94.156
94.164
94.18
94.188
94.2
94.216
94.224
94.236
94.248
94.264
94.272
94.288
94.3
94.308
94.32
94.332
94.344
94.356
94.372
94.384
94.392
94.404
94.42
94.428
94.44
94.456
94.468
94.48
94.488
94.5
94.512
94.528
94.536
94.552
94.564
94.576
94.588
94.596
94.608
94.62
94.632
94.648
94.66
94.668
94.68
94.692
94.708
94.72
94.732
94.74
94.756
94.764
94.776
94.792
94.8
94.812
94.824
94.84
94.848
94.86
94.872
94.884
94.9
94.912
94.924
94.936
94.944
94.956
94.968
94.984
94.996
95.004
95.016
95.028
95.044
95.052
95.064
95.08
95.088
95.1
95.112
95.124
95.136
95.148
95.16
95.172
95.188
95.2
95.208
95.22
95.232
95.244
95.256
95.268
95.28
95.292
95.304
95.316
95.328
95.34
95.352
95.368
95.376
95.388
95.4
95.412
95.424
95.44
95.448
95.464
95.472
95.488
95.5
95.508
95.52
95.536
95.544
95.56
95.568
95.584
95.592
95.608
95.616
95.632
95.64
95.652
95.664
95.676
95.688
95.704
95.712
95.724
95.736
95.748
95.76
95.772
95.784
95.796
95.812
95.82
95.836
95.844
95.856
95.868
95.88
95.892
95.904
95.916
95.928
95.94
95.952
95.964
95.976
95.988
96
96.016
96.024
96.036
96.052
96.06
96.076
96.084
96.096
96.108
96.124
96.132
96.144
96.16
96.172
96.18
96.192
96.204
96.216
96.228
96.24
96.252
96.264
96.28
96.288
96.3
96.312
96.328
96.336
96.348
96.36
96.376
96.384
96.4
96.408
96.42
96.436
96.444
96.46
96.472
96.484
96.496
96.504
96.52
96.528
96.544
96.552
96.568
96.576
96.592
96.6
96.612
96.624
96.64
96.648
96.664
96.672
96.688
96.696
96.712
96.724
96.732
96.744
96.756
96.768
96.784
96.792
96.808
96.816
96.832
96.84
96.856
96.864
96.876
96.892
96.9
96.912
96.924
96.936
96.948
96.96
96.972
96.984
96.996
97.008
97.024
97.032
97.048
97.056
97.072
97.084
97.092
97.104
97.12
97.128
97.14
97.152
97.168
97.18
97.192
97.2
97.212
97.224
97.236
97.248
97.26
97.276
97.284
97.296
97.312
97.324
97.332
97.344
97.356
97.372
97.384
97.396
97.404
97.416
97.428
97.44
97.456
97.468
97.476
97.488
97.504
97.512
97.524
97.54
97.552
97.56
97.576
97.584
97.596
97.608
97.624
97.632
97.644
97.66
97.668
97.68
97.692
97.704
97.72
97.728
97.74
97.752
97.764
97.776
97.792
97.8
97.812
97.824
97.836
97.852
97.864
97.872
97.884
97.896
97.908
97.92
97.932
97.944
97.956
97.972
97.98
97.992
98.004
98.016
98.028
98.044
98.056
98.064
98.076
98.092
98.1
98.116
98.128
98.14
98.148
98.16
98.172
98.184
98.2
98.212
98.224
98.232
98.244
98.256
98.272
98.284
98.296
98.304
98.316
98.328
98.344
98.356
98.364
98.376
98.388
98.4
98.412
98.424
98.44
98.452
98.46
98.476
98.484
98.496
98.512
98.52
98.536
98.544
98.556
98.568
98.58
98.592
98.604
98.616
98.632
98.644
98.652
98.668
98.68
98.688
98.7
98.716
98.724
98.74
98.752
98.76
98.772
98.784
98.796
98.812
98.824
98.832
98.848
98.856
98.868
98.88
98.892
98.908
98.916
98.928
98.94
98.952
98.968
98.98
98.988
99
99.016
99.024
99.036
99.048
99.06
99.076
99.084
99.1
99.112
99.124
99.132
99.148
99.16
99.172
99.18
99.192
99.204
99.216
99.232
99.244
99.252
99.264
99.276
99.292
99.3
99.312
99.328
99.336
99.352
99.364
99.376
99.388
99.396
99.408
99.424
99.432
99.444
99.46
99.472
99.48
99.492
99.504
99.516
99.532
99.54
99.552
99.564
99.576
99.588
99.6
99.612
99.624
99.636
99.648
99.66
99.676
99.684
99.696
99.712
99.72
99.736
99.744
99.756
99.768
99.784
99.796
99.808
99.82
99.832
99.84
99.852
99.868
99.88
99.888
99.9
99.916
99.924
99.936
99.952
99.96
99.976
99.984
100
100.008
100.02
100.032
100.048
100.056
100.072
100.08
100.096
100.104
100.116
100.128
100.14
100.152
100.168
100.176
100.188
100.2
100.212
100.224
100.24
100.248
100.26
100.272
100.284
100.296
100.308
100.32
100.332
100.348
100.36
100.368
100.38
100.392
100.408
100.416
100.428
100.444
100.452
100.468
100.48
100.488
100.5
100.516
100.524
100.536
100.548
100.56
100.576
100.584
100.6
100.612
100.62
100.632
100.644
100.656
100.668
100.684
100.692
100.704
100.716
100.728
100.74
100.752
100.764
100.776
100.788
100.8
100.812
100.824
100.836
100.848
100.86
100.872
100.884
100.9
100.908
100.92
100.932
100.944
100.956
100.972
100.98
100.992
101.008
101.016
101.028
101.04
101.052
101.064
101.076
101.092
101.104
101.112
101.124
101.14
101.148
101.16
101.176
101.188
101.2
101.208
101.224
101.232
101.244
101.256
101.272
101.28
101.292
101.304
101.316
101.328
101.34
101.352
101.364
101.376
101.388
101.4
101.412
101.424
101.436
101.448
101.46
101.472
101.488
101.5
101.508
101.52
101.536
101.548
101.556
101.568
101.58
101.596
101.608
101.62
101.632
101.64
101.652
101.664
101.68
101.688
101.7
101.712
101.724
101.74
101.752
101.76
101.772
101.784
101.8
101.808
101.824
101.832
101.848
101.86
101.868
101.884
101.892
101.904
101.916
101.932
101.944
101.952
101.964
101.98
101.988
102
102.016
102.028
102.04
102.052
102.064
102.076
102.084
102.096
102.112
102.12
102.132
102.144
102.156
102.172
102.18
102.192
102.208
102.216
102.228
102.24
102.252
102.264
102.276
102.288
102.3
102.312
102.324
102.336
102.348
102.36
102.372
102.384
102.396
102.408
102.424
102.432
102.448
102.46
102.468
102.48
102.492
102.504
102.52
102.528
102.54
102.552
102.564
102.58
102.588
102.604
102.612
102.624
102.636
102.648
102.66
102.676
102.684
102.7
102.708
102.72
102.732
102.744
102.756
102.768
102.78
102.792
102.804
102.816
102.832
102.84
102.856
102.868
102.876
102.892
102.904
102.912
102.928
102.94
102.948
102.96
102.976
102.984
102.996
103.008
103.024
103.032
103.044
103.056
103.072
103.084
103.092
103.104
103.116
103.128
103.14
103.152
103.164
103.176
103.192
103.2
103.212
103.224
103.24
103.248
103.26
103.272
103.288
103.3
103.308
103.324
103.336
103.344
103.36
103.368
103.38
103.392
103.408
103.42
103.428
103.44
103.452
103.468
103.48
103.488
103.5
103.516
103.528
103.54
103.552
103.56
103.576
103.584
103.596
103.612
103.62
103.636
103.648
103.656
103.672
103.684
103.692
103.704
103.716
103.732
103.744
103.752
103.764
103.776
103.788
103.804
103.816
103.824
103.836
103.848
103.86
103.876
103.884
103.896
103.908
103.92
103.932
103.944
103.956
103.968
103.984
103.992
104.004
104.016
104.028
104.04
104.052
104.064
104.08
104.088
104.104
104.112
104.124
104.136
104.152
104.164
104.172
104.188
104.196
104.208
104.224
104.232
104.248
104.256
104.272
104.28
104.292
104.304
104.32
104.328
104.344
104.352
104.364
104.376
104.392
104.4
104.412
104.424
104.436
104.448
104.46
104.476
104.484
104.496
104.508
104.524
104.532
104.548
104.556
104.568
104.58
104.592
104.604
104.616
104.628
104.64
104.652
104.668
104.676
104.692
104.7
104.712
104.724
104.736
104.748
104.76
104.772
104.784
104.8
104.808
104.824
104.832
104.844
104.86
104.872
104.884
104.896
104.908
104.916
104.928
104.94
104.952
104.968
104.98
104.992
105
105.016
105.024
105.036
105.048
105.06
105.076
105.088
105.1
105.108
105.12
105.132
105.144
105.156
105.168
105.184
105.192
105.204
105.216
105.232
105.24
105.256
105.264
105.276
105.288
105.3
105.312
105.324
105.336
105.348
105.36
105.376
105.388
105.396
105.408
105.42
105.432
105.444
105.456
105.468
105.484
105.496
105.504
105.516
105.528
105.54
105.552
105.564
105.576
105.588
105.604
105.612
105.628
105.64
105.648
105.66
105.672
105.684
105.696
105.708
105.72
105.736
105.744
105.756
105.772
105.78
105.792
105.804
105.816
105.828
105.84
105.852
105.868
105.88
105.888
105.9
105.912
105.924
105.936
105.952
105.96
105.972
105.984
105.996
106.008
106.02
106.032
106.044
106.06
106.068
106.084
106.096
106.108
106.116
106.128
106.14
106.152
106.168
106.176
106.188
106.2
106.216
106.224
106.24
106.252
106.26
106.272
106.284
106.3
106.312
106.32
106.336
106.344
106.36
106.368
106.38
106.392
106.404
106.416
106.432
106.44
106.456
106.464
106.476
106.488
106.5
106.512
106.524
106.536
106.548
106.56
106.572
106.584
106.6
106.608
106.62
106.636
106.644
106.66
106.668
106.684
106.696
106.708
106.716
106.728
106.74
106.752
106.764
106.776
106.792
106.804
106.816
106.824
106.836
106.852
106.86
106.872
106.884
106.896
106.908
106.92
106.932
106.948
106.956
106.972
106.984
106.996
107.008
107.016
107.032
107.044
107.056
107.064
107.076
107.092
107.1
107.112
107.128
107.14
107.152
107.16
107.176
107.184
107.196
107.212
107.224
107.232
107.244
107.256
107.272
107.284
107.296
107.304
107.32
107.328
107.344
107.356
107.368
107.38
107.392
107.404
107.412
107.428
107.436
107.448
107.46
107.472
107.484
107.5
107.512
107.52
107.532
107.544
107.556
107.572
107.584
107.592
107.608
107.616
107.628
107.64
107.652
107.668
107.676
107.692
107.7
107.712
107.724
107.736
107.748
107.764
107.776
107.784
107.796
107.808
107.824
107.832
107.844
107.856
107.868
107.88
107.892
107.904
107.916
107.928
107.94
107.952
107.968
107.98
107.988
108.004
108.016
108.024
108.036
108.048
108.064
108.076
108.084
108.096
108.108
108.12
108.132
108.144
108.156
108.168
108.18
108.192
108.204
108.216
108.228
108.24
108.252
108.264
108.276
108.288
108.3
108.312
108.328
108.336
108.352
108.36
108.372
108.388
108.396
108.408
108.42
108.432
108.444
108.456
108.472
108.48
108.492
108.508
108.52
108.528
108.54
108.552
108.568
108.576
108.588
108.6
108.612
108.624
108.636
108.648
108.664
108.672
108.684
108.7
108.708
108.72
108.732
108.744
108.756
108.768
108.784
108.796
108.808
108.816
108.828
108.844
108.852
108.864
108.876
108.888
108.904
108.912
108.924
108.936
108.948
108.96
108.972
108.984
108.996
109.008
109.02
109.036
109.044
109.056
109.068
109.084
109.092
109.104
109.116
109.128
109.14
109.156
109.168
109.176
109.192
109.204
109.212
109.228
109.24
109.252
109.264
109.272
109.288
109.296
109.308
109.32
109.332
109.344
109.356
109.372
109.384
109.396
109.404
109.416
109.428
109.44
109.452
109.464
109.48
109.488
109.5
109.512
109.524
109.54
109.548
109.56
109.572
109.584
109.6
109.612
109.624
109.632
109.644
109.656
109.672
109.684
109.696
109.704
109.716
109.728
109.744
109.756
109.764
109.78
109.792
109.804
109.812
109.828
109.836
109.848
109.864
109.872
109.888
109.9
109.908
109.92
109.932
109.944
109.956
109.972
109.984
109.992
110.004
110.02
110.032
110.04
110.052
110.064
110.08
110.088
110.1
110.116
110.124
110.136
110.148
110.16
110.172
110.184
110.2
110.208
110.22
110.232
110.244
110.256
110.272
110.284
110.292
110.308
110.316
110.332
110.34
110.352
110.364
110.38
110.388
110.4
110.412
110.424
110.436
110.448
110.464
110.476
110.488
110.496
110.512
110.524
110.532
110.544
110.556
110.572
110.584
110.592
110.604
110.616
110.628
110.644
110.652
110.664
110.68
110.688
110.7
110.712
110.728
110.74
110.748
110.76
110.772
110.784
110.8
110.812
110.824
110.832
110.844
110.86
110.868
110.884
110.892
110.904
110.916
110.928
110.94
110.952
110.964
110.98
110.988
111
111.012
111.024
111.036
111.052
111.06
111.072
111.084
111.1
111.108
111.124
111.132
111.148
111.156
111.168
111.18
111.196
111.208
111.22
111.232
111.244
111.252
111.268
111.28
111.288
111.3
111.312
111.328
111.34
111.352
111.36
111.376
111.388
111.396
111.412
111.42
111.436
111.444
111.456
111.472
111.48
111.492
111.504
111.516
111.528
111.54
111.552
111.564
111.576
111.588
111.6
111.612
111.624
111.636
111.648
111.66
111.676
111.684
111.696
111.708
111.724
111.732
111.748
111.756
111.768
111.78
111.792
111.804
111.816
111.828
111.84
111.852
111.864
111.876
111.888
111.9
111.912
111.924
111.936
111.948
111.96
111.976
111.984
111.996
112.012
112.024
112.032
112.048
112.056
112.068
112.08
112.092
112.104
112.116
112.128
112.14
112.152
112.164
112.176
112.188
112.2
112.212
112.224
112.236
112.248
112.26
112.276
112.288
112.296
112.308
112.32
112.332
112.348
112.36
112.368
112.38
112.392
112.408
112.416
112.428
112.444
112.452
112.464
112.476
112.488
112.5
112.512
112.524
112.54
112.552
112.56
112.572
112.584
112.6
112.608
112.62
112.632
112.648
112.656
112.668
112.68
112.692
112.704
112.716
112.732
112.74
112.752
112.764
112.776
112.788
112.8
112.812
112.828
112.836
112.852
112.86
112.872
112.888
112.896
112.908
112.92
112.932
112.944
112.96
112.972
112.984
112.992
113.008
113.016
113.028
113.04
113.052
113.068
113.08
113.088
113.104
113.112
113.124
113.136
113.148
113.16
113.176
113.188
113.2
113.212
113.22
113.232
113.244
113.256
113.272
113.284
113.292
113.308
113.316
113.328
113.34
113.356
113.364
113.38
113.388
113.4
113.412
113.424
113.436
113.452
113.464
113.472
113.488
113.5
113.508
113.52
113.532
113.548
113.56
113.572
113.58
113.596
113.604
113.616
113.628
113.64
113.652
113.668
113.676
113.688
113.704
113.712
113.724
113.736
113.748
113.76
113.772
113.784
113.8
113.808
113.824
113.832
113.844
113.856
113.868
113.88
113.892
113.904
113.92
113.928
113.94
113.956
113.964
113.98
113.992
114
114.012
114.024
114.04
114.048
114.06
114.072
114.088
114.096
114.108
114.12
114.132
114.144
114.156
114.168
114.184
114.192
114.204
114.216
114.228
114.24
114.252
114.264
114.28
114.292
114.3
114.312
114.324
114.336
114.348
114.364
114.372
114.388
114.4
114.412
114.424
114.432
114.444
114.456
114.472
114.48
114.492
114.504
114.516
114.532
114.54
114.552
114.564
114.576
114.588
114.6
114.612
114.624
114.636
114.652
114.66
114.672
114.684
114.696
114.708
114.72
114.732
114.744
114.756
114.768
114.78
114.792
114.804
114.816
114.832
114.844
114.856
114.864
114.876
114.888
114.9
114.912
114.924
114.936
114.948
114.96
114.972
114.988
114.996
115.008
115.024
115.032
115.048
115.056
115.072
115.08
115.092
115.104
115.12
115.128
115.14
115.152
115.164
115.176
115.192
115.2
115.212
115.224
115.236
115.248
115.26
115.272
115.284
115.3
115.308
115.32
115.336
115.348
115.356
115.368
115.38
115.392
115.408
115.416
115.428
115.44
115.452
115.464
115.48
115.488
115.504
115.516
115.524
115.54
115.548
115.56
115.576
115.588
115.596
115.608
115.624
115.632
115.644
115.656
115.668
115.68
115.696
115.708
115.72
115.728
115.74
115.752
115.764
115.78
115.788
115.804
115.812
115.824
115.84
115.848
115.86
115.872
115.888
115.9
115.908
115.92
115.932
115.944
115.956
115.972
115.98
115.992
116.008
116.016
116.028
116.04
116.052
116.068
116.08
116.088
116.1
116.112
116.124
116.136
116.152
116.164
116.176
116.184
116.196
116.208
116.224
116.236
116.244
116.256
116.268
116.284
116.292
116.304
116.32
116.332
116.34
116.352
116.364
116.376
116.388
116.4
116.412
116.428
116.436
116.452
116.46
116.472
116.488
116.496
116.508
116.52
116.532
116.548
116.56
116.568
116.58
116.596
116.608
116.616
116.628
116.644
116.656
116.664
116.68
116.688
116.704
116.716
116.728
116.736
116.748
116.76
116.772
116.784
116.796
116.812
116.824
116.836
116.844
116.856
116.868
116.884
116.896
116.904
116.916
116.928
116.94
116.956
116.964
116.98
116.988
117
117.012
117.024
117.04
117.052
117.06
117.072
117.088
117.1
117.108
117.12
117.136
117.148
117.156
117.172
117.18
117.192
117.208
117.22
117.228
117.244
117.252
117.268
117.28
117.288
117.3
117.312
117.324
117.336
117.348
117.364
117.372
117.384
117.396
117.408
117.42
117.432
117.444
117.46
117.468
117.484
117.492
117.504
117.516
117.528
117.54
117.552
117.568
117.576
117.588
117.604
117.612
117.628
117.636
117.652
117.66
117.672
117.684
117.696
117.712
117.724
117.732
117.744
117.756
117.768
117.78
117.792
117.804
117.82
117.828
117.84
117.852
117.868
117.88
117.888
117.9
117.912
117.924
117.936
117.952
117.964
117.972
117.984
117.996
118.012
118.024
118.036
118.048
118.056
118.068
118.084
118.096
118.104
118.12
118.128
118.14
118.152
118.164
118.176
118.192
118.204
118.212
118.224
118.24
118.248
118.26
118.272
118.288
118.3
118.308
118.32
118.336
118.344
118.356
118.372
118.38
118.392
118.408
118.416
118.432
118.44
118.456
118.464
118.476
118.492
118.504
118.512
118.524
118.536
118.548
118.564
118.572
118.588
118.6
118.612
118.62
118.636
118.644
118.656
118.668
118.68
118.696
118.704
118.716
118.728
118.744
118.756
118.764
118.776
118.788
118.8
118.816
118.824
118.84
118.848
118.864
118.872
118.888
118.896
118.908
118.92
118.936
118.944
118.96
118.968
118.98
118.992
119.004
119.016
119.028
119.044
119.052
119.064
119.076
119.088
119.1
119.116
119.128
119.14
119.152
119.16
119.172
119.184
119.2
119.208
119.22
119.232
119.244
119.26
119.272
119.28
119.292
119.308
119.316
119.328
119.344
119.356
119.368
119.376
119.392
119.4
119.412
119.424
119.436
119.448
119.46
119.472
119.488
119.5
119.512
119.524
119.536
119.544
119.556
119.568
119.584
119.592
119.604
119.616
119.628
119.64
119.652
119.668
119.676
119.688
119.7
119.712
119.728
119.74
119.748
119.76
119.776
119.784
119.796
119.808
119.82
119.832
119.844
119.856
119.872
119.88
119.892
119.904
119.916
119.928
119.94
119.952
119.968
119.98
119.988
120
120.012
120.024
120.036
120.048
120.06
120.072
120.084
120.096
120.112
120.12
120.132
120.144
120.16
120.168
120.18
120.192
120.208
120.216
120.228
120.24
120.252
120.264
120.276
120.292
120.304
120.312
120.324
120.336
120.348
120.364
120.376
120.388
120.396
120.408
120.424
120.432
120.444
120.456
120.468
120.48
120.492
120.508
120.516
120.528
120.54
120.552
120.564
120.58
120.588
120.6
120.612
120.628
120.636
120.648
120.66
120.672
120.688
120.696
120.708
120.72
120.732
120.744
120.756
120.772
120.78
120.792
120.804
120.816
120.828
120.84
120.856
120.868
120.876
120.888
120.9
120.916
120.924
120.936
120.948
120.964
120.972
120.984
120.996
121.008
121.02
121.032
121.044
121.056
121.068
121.08
121.092
121.104
121.12
121.128
121.14
121.152
121.164
121.176
121.188
121.2
121.216
121.228
121.236
121.252
121.26
121.276
121.288
121.296
121.312
121.32
121.332
121.344
121.356
121.368
121.38
121.396
121.404
121.42
121.432
121.44
121.452
121.468
121.476
121.488
121.5
121.512
121.524
121.536
121.548
121.564
121.572
121.584
121.596
121.608
121.624
121.636
121.648
121.66
121.672
121.684
121.696
121.708
121.716
121.732
121.744
121.752
121.764
121.776
121.788
121.804
121.812
121.824
121.836
121.848
121.864
121.872
121.884
121.9
121.908
121.92
121.936
121.944
121.956
121.968
121.98
121.992
122.004
122.016
122.028
122.04
122.052
122.064
122.076
122.088
122.104
122.112
122.128
122.136
122.148
122.164
122.176
122.184
122.2
122.212
122.22
122.232
122.248
122.256
122.268
122.284
122.292
122.308
122.316
122.328
122.34
122.352
122.368
122.38
122.388
122.404
122.412
122.428
122.436
122.448
122.46
122.476
122.484
122.5
122.512
122.52
122.532
122.544
122.56
122.568
122.58
122.592
122.604
122.62
122.628
122.64
122.656
122.668
122.676
122.688
122.7
122.712
122.724
122.736
122.752
122.76
122.772
122.788
122.8
122.812
122.82
122.832
122.844
122.86
122.868
122.88
122.892
122.908
122.92
122.928
122.94
122.956
122.964
122.976
122.992
123
123.012
123.024
123.036
123.048
123.06
123.072
123.088
123.096
123.108
123.12
123.132
123.144
123.16
123.172
123.18
123.192
123.204
123.216
123.228
123.24
123.252
123.264
123.28
123.288
123.304
123.312
123.328
123.336
123.352
123.364
123.372
123.388
123.4
123.408
123.424
123.436
123.444
123.46
123.472
123.48
123.492
123.508
123.52
123.528
123.544
123.552
123.564
123.576
123.588
123.604
123.612
123.624
123.636
123.652
123.664
123.672
123.684
123.7
123.712
123.72
123.732
123.744
123.756
123.768
123.784
123.792
123.804
123.816
123.828
123.84
123.852
123.864
123.876
123.892
123.9
123.912
123.924
123.936
123.952
123.964
123.972
123.984
124
124.008
124.024
124.032
124.048
124.06
124.072
124.08
124.092
124.108
124.12
124.132
124.144
124.156
124.164
124.18
124.188
124.2
124.216
124.224
124.236
124.248
124.26
124.276
124.284
124.3
124.308
124.32
124.332
124.344
124.36
124.372
124.38
124.396
124.408
124.416
124.428
124.444
124.456
124.464
124.476
124.488
124.5
124.512
124.524
124.536
124.548
124.56
124.576
124.584
124.596
124.608
124.62
124.632
124.644
124.656
124.672
124.684
124.696
124.708
124.716
124.732
124.744
124.752
124.764
124.776
124.788
124.804
124.812
124.823999
124.835999
124.852
124.864
124.871999
124.883999
124.895999
124.912
124.919999
124.936
124.943999
124.955999
124.967999
124.984
124.996
125.004
125.02
125.028
125.044
125.056
125.064
125.076
125.088
125.1
125.115999
125.124
125.136
125.148
125.16
125.175999
125.184
125.196
125.208
125.22
125.235999
125.247999
125.256
125.272
125.28
125.292
125.308
125.316
125.328
125.34
125.352
125.368
125.376
125.388
125.4
125.412
125.424
125.436
125.448
125.46
125.476
125.484
125.5
125.512
125.52
125.532
125.544
125.556
125.568
125.579999
125.591999
125.608
125.615999
125.627999
125.639999
125.656
125.668
125.675999
125.692
125.699999
125.711999
125.723999
125.74
125.752
125.76
125.772
125.784
125.796
125.808
125.823999
125.832
125.847999
125.856
125.868
125.88
125.895999
125.904
125.919999
125.928
125.94
125.952
125.967999
125.979999
125.991999
126
126.012
126.024
126.036
126.052
126.064
126.076
126.088
126.096
126.112
126.124
126.136
126.144
126.16
126.168
126.18
126.192
126.204
126.216
126.232
126.24
126.256
126.268
126.276
126.292
126.304
126.316
126.323999
126.335999
126.352
126.359999
126.376
126.383999
126.395999
126.407999
126.419999
126.431999
126.443999
126.46
126.467999
126.484
126.491999
126.504
126.516
126.528
126.54
126.552
126.568
126.576
126.591999
126.603999
126.612
126.624
126.636
126.651999
126.663999
126.672
126.684
126.699999
126.711999
126.72
126.732
126.747999
126.756
126.768
126.78
126.792
126.808
126.816
126.832
126.844
126.852
126.864
126.876
126.888
126.904
126.912
126.924
126.936
126.948
126.964
126.976
126.984
126.996
127.008
127.024
127.032
127.044
127.056
127.072
127.079999
127.091999
127.103999
127.115999
127.132
127.139999
127.151999
127.163999
127.18
127.187999
127.204
127.216
127.223999
127.235999
127.252
127.26
127.272
127.284
127.3
127.308
127.32
127.332
127.344
127.356
127.368
127.38
127.392
127.404
127.416
127.428
127.44
127.452
127.467999
127.479999
127.491999
127.504
127.512
127.524
127.54
127.548
127.56
127.576
127.584
127.6
127.608
127.62
127.636
127.644
127.656
127.668
127.68
127.692
127.704
127.716
127.728
127.74
127.752
127.768
127.776
127.788
127.8
127.812
127.823999
127.84
127.847999
127.859999
127.876
127.883999
127.9
127.912
127.919999
127.931999
127.943999
127.96
127.967999
127.984
127.996
128.008
128.016
128.028
128.04
128.052
128.064
128.079999
128.088
128.103999
128.112
128.124
128.139999
128.148
128.16
128.172
128.184
128.199999
128.208
128.22
128.232
128.247999
128.256
128.272
128.28
128.296
128.304
128.32
128.332
128.344
128.356
128.368
128.38
128.388
128.4
128.412
128.428
128.44
128.452
128.464
128.472
128.484
128.496
128.512
128.52
128.536
128.544
128.56
128.568
128.584
128.591999
128.608
128.615999
128.627999
128.639999
128.651999
128.663999
128.675999
128.692
128.699999
128.711999
128.728
128.735999
128.752
128.76
128.772
128.784
128.796
128.808
128.823999
128.832
128.844
128.859999
128.868
128.88
128.895999
128.904
128.916
128.928
128.94
128.952
128.964
128.979999
128.988
129
129.012
129.024
129.036
129.048
129.064
129.076
129.084
129.096
129.112
129.12
129.132
129.144
129.156
129.168
129.184
129.192
129.204
129.216
129.228
129.24
129.252
129.268
129.276
129.292
129.3
129.312
129.323999
129.335999
129.347999
129.359999
129.371999
129.383999
129.395999
129.407999
129.419999
129.436
129.443999
129.455999
129.467999
129.484
129.491999
129.508
129.516
129.528
129.544
129.552
129.568
129.576
129.588
129.6
129.615999
129.627999
129.639999
129.648
129.663999
129.672
129.687999
129.699999
129.711999
129.72
129.732
129.744
129.756
129.768
129.78
129.796
129.808
129.816
129.828
129.84
129.856
129.868
129.876
129.888
129.9
129.912
129.928
129.94
129.952
129.96
129.972
129.984
129.996
130.008
130.024
130.032
130.044
130.06
130.068
130.079999
130.096
130.103999
130.115999
130.132
130.139999
130.156
130.168
130.175999
130.187999
130.199999
130.211999
130.228
130.235999
130.247999
130.26
130.272
130.284
130.3
130.308
130.32
130.332
130.344
130.356
130.368
130.383999
130.392
130.404
130.416
130.431999
130.44
130.452
130.464
130.476
130.488
130.5
130.516
130.528
130.54
130.552
130.56
130.572
130.584
130.6
130.608
130.62
130.632
130.644
130.66
130.668
130.68
130.692
130.708
130.72
130.728
130.744
130.752
130.764
130.776
130.788
130.8
130.816
130.823999
130.835999
130.847999
130.859999
130.871999
130.883999
130.9
130.907999
130.92
130.932
130.944
130.956
130.968
130.984
130.992
131.004
131.02
131.028
131.04
131.052
131.064
131.076
131.088
131.1
131.116
131.124
131.136
131.148
131.16
131.176
131.184
131.196
131.208
131.224
131.232
131.244
131.256
131.272
131.284
131.292
131.304
131.316
131.328
131.344
131.352
131.368
131.38
131.388
131.4
131.412
131.428
131.44
131.448
131.464
131.472
131.484
131.496
131.512
131.52
131.532
131.544
131.556
131.568
131.58
131.592
131.608
131.62
131.628
131.64
131.652
131.668
131.676
131.688
131.7
131.712
131.724
131.736
131.748
131.76
131.776
131.784
131.796
131.812
131.824
131.836
131.848
131.856
131.868
131.88
131.892
131.904
131.916
131.928
131.94
131.956
131.968
131.976
131.992
132
132.016
132.024
132.04
132.048
132.064
132.072
132.084
132.096
132.112
132.12
132.132
132.144
132.156
132.168
132.184
132.196
132.208
132.216
132.232
132.24
132.252
132.268
132.276
132.288
132.3
132.312
132.328
132.34
132.352
132.36
132.372
132.384
132.396
132.408
132.42
132.436
132.444
132.46
132.468
132.48
132.492
132.504
132.516
132.528
132.54
132.552
132.564
132.576
132.588
132.6
132.612
132.624
132.64
132.648
132.66
132.672
132.684
132.7
132.712
132.72
132.732
132.748
132.76
132.772
132.78
132.792
132.808
132.82
132.832
132.84
132.852
132.868
132.876
132.888
132.9
132.912
132.924
132.936
132.948
132.96
132.972
132.984
132.996
133.008
133.024
133.032
133.044
133.056
133.068
133.08
133.096
133.104
133.116
133.132
133.14
133.152
133.168
133.176
133.192
133.204
133.216
133.224
133.236
133.248
133.264
133.276
133.284
133.296
133.308
133.324
133.336
133.348
133.36
133.372
133.38
133.392
133.404
133.42
133.428
133.444
133.456
133.464
133.48
133.488
133.5
133.512
133.524
133.536
133.548
133.564
133.576
133.584
133.6
133.608
133.62
133.632
133.648
133.656
133.668
133.68
133.692
133.708
133.72
133.732
133.74
133.752
133.768
133.776
133.788
133.8
133.816
133.824
133.84
133.848
133.86
133.872
133.884
133.896
133.908
133.92
133.936
133.948
133.96
133.972
133.98
133.996
134.004
134.016
134.028
134.044
134.052
134.064
134.076
134.092
134.104
134.112
134.124
134.136
134.152
134.16
134.172
134.184
134.196
134.212
134.224
134.236
134.248
134.26
134.268
134.28
134.292
134.304
134.32
134.332
134.344
134.352
134.368
134.38
134.392
134.4
134.412
134.428
134.436
134.448
134.46
134.472
134.488
134.496
134.508
134.524
134.536
134.548
134.56
134.572
134.58
134.592
134.604
134.616
134.628
134.644
134.652
134.668
134.68
134.692
134.7
134.712
134.724
134.736
134.752
134.764
134.772
134.788
134.8
134.808
134.824
134.832
134.844
134.856
134.868
134.88
134.896
134.904
134.916
134.928
134.94
134.956
134.968
134.976
134.988
135
135.016
135.028
135.04
135.048
135.06
135.072
135.088
135.096
135.108
135.12
135.132
135.148
135.16
135.168
135.18
135.192
135.208
135.216
